CustomerID,Gender,Age,Geography,Tenure,NumOfProducts,IsActiveMember,EstimatedSalary,Churn
1001,Male,64,Spain,7,2,1,142616,0
1002,Female,29,Germany,9,2,1,147276,0
1003,Male,33,Germany,2,3,0,44318,0
1004,Male,41,France,10,2,1,80934,0
1005,Male,36,Spain,6,3,0,52331,0
1006,Female,25,Spain,10,2,0,82672,1
1007,Male,48,Spain,0,1,0,121891,0
1008,Male,38,Germany,0,1,0,106860,0
1009,Male,34,Spain,9,2,1,123685,0
1010,Female,40,France,4,2,1,98754,0
1011,Male,54,France,4,3,1,115677,0
1012,Male,33,Germany,7,1,0,132320,0
1013,Male,23,Germany,6,3,1,32837,0
1014,Male,25,Spain,7,2,1,144616,1
1015,Female,42,Germany,5,2,1,135338,0
1016,Male,35,France,5,3,1,70077,0
1017,Female,42,Spain,1,2,0,109915,0
1018,Female,29,France,5,1,0,34239,0
1019,Female,32,Spain,4,3,1,140432,1
1020,Male,43,Germany,2,1,0,116348,0
1021,Female,58,Spain,5,1,1,59669,0
1022,Male,62,Spain,7,1,1,78624,0
1023,Female,43,France,8,3,1,105147,0
1024,Female,64,France,0,2,0,34150,0
1025,Female,49,Spain,2,1,1,41109,0
1026,Female,27,Germany,2,1,0,129750,0
1027,Female,33,Germany,10,1,0,56016,0
1028,Female,24,France,7,2,1,41936,0
1029,Female,34,Germany,0,2,0,41036,1
1030,Female,40,France,4,3,0,69236,0
1031,Male,43,Germany,2,2,1,44021,0
1032,Male,38,Spain,1,3,0,66943,0
1033,Female,39,France,7,3,0,143694,0
1034,Female,24,France,2,3,1,133384,0
1035,Female,31,Spain,6,3,1,111007,0
1036,Male,32,France,10,3,0,143197,0
1037,Female,24,Germany,0,1,1,80016,0
1038,Male,26,Germany,5,2,1,53244,0
1039,Male,25,France,2,1,0,93027,0
1040,Male,40,Germany,7,3,0,144313,1
1041,Male,46,France,5,2,1,68985,0
1042,Male,35,Spain,1,1,0,133976,0
1043,Female,48,France,5,1,1,31502,0
1044,Female,47,Spain,6,3,1,83836,0
1045,Female,56,Germany,4,1,0,129714,0
1046,Female,52,Spain,2,1,0,33770,0
1047,Female,35,Germany,3,1,1,72865,1
1048,Male,59,France,3,1,1,83811,1
1049,Female,56,Germany,5,1,1,34001,0
1050,Female,34,France,9,3,1,90848,0
1051,Male,31,France,0,3,0,82635,0
1052,Female,48,Spain,10,1,1,50946,0
1053,Male,41,Spain,3,3,0,96134,0
1054,Female,52,Spain,9,3,0,125852,0
1055,Male,61,Spain,3,2,1,121103,0
1056,Female,62,Germany,9,1,0,122044,0
1057,Female,51,Germany,0,3,0,73744,0
1058,Male,20,Germany,8,3,1,147729,1
1059,Male,54,France,3,1,0,69159,0
1060,Male,60,Germany,6,2,0,125812,1
1061,Male,57,Germany,2,1,1,53671,0
1062,Male,43,Germany,9,2,1,46450,0
1063,Male,40,Spain,2,1,1,44908,0
1064,Male,61,Germany,7,1,1,87275,0
1065,Male,56,France,7,1,1,74358,1
1066,Female,32,Spain,10,1,1,79047,0
1067,Female,21,France,0,2,1,65518,1
1068,Male,46,Germany,9,2,0,87813,0
1069,Female,39,Spain,1,3,0,126748,1
1070,Female,42,France,7,1,1,138220,0
1071,Female,30,Germany,0,2,0,36806,0
1072,Female,35,France,7,2,0,134733,0
1073,Male,50,France,7,2,1,70891,0
1074,Female,33,France,1,1,0,113551,0
1075,Male,62,Germany,3,3,1,69220,0
1076,Female,59,Germany,5,2,0,47158,1
1077,Female,61,France,10,1,1,110992,0
1078,Female,19,Spain,8,2,0,57588,1
1079,Male,52,Spain,7,2,0,92576,1
1080,Female,59,Germany,7,3,0,118027,0
1081,Male,51,Germany,6,2,1,54188,1
1082,Female,47,Germany,8,2,0,122615,0
1083,Male,30,Germany,1,1,0,88830,1
1084,Female,30,Germany,2,1,1,34019,0
1085,Male,35,Spain,9,3,1,42419,0
1086,Male,49,Germany,7,1,0,63697,0
1087,Female,49,France,5,1,0,114932,0
1088,Male,52,France,9,3,0,149712,0
1089,Female,56,Spain,8,2,0,134568,0
1090,Female,63,France,9,3,1,125428,0
1091,Female,46,Spain,3,1,0,37973,1
1092,Female,46,Spain,7,3,0,138001,0
1093,Female,61,France,9,2,1,116649,0
1094,Female,33,Germany,2,3,0,41136,0
1095,Female,61,France,2,1,0,114739,0
1096,Female,64,France,7,1,0,92502,1
1097,Female,27,Spain,4,3,1,61285,0
1098,Female,47,France,2,2,1,53039,0
1099,Female,42,Spain,9,3,0,96720,0
1100,Male,56,Germany,10,2,0,118263,0
1101,Male,37,Germany,0,2,1,89155,1
1102,Female,22,Germany,2,3,0,46911,0
1103,Female,18,France,8,2,0,30916,1
1104,Female,47,Spain,4,1,1,89052,0
1105,Female,20,Germany,9,3,1,99110,1
1106,Female,62,Spain,1,2,1,131623,0
1107,Female,31,Spain,6,1,0,47790,1
1108,Female,47,Germany,1,3,0,113161,1
1109,Female,21,Germany,3,1,0,35206,1
1110,Male,35,Spain,6,1,0,115053,0
1111,Female,54,Germany,3,1,1,79950,0
1112,Male,42,Spain,6,2,0,146211,0
1113,Female,18,Spain,6,3,0,86361,0
1114,Female,63,Germany,0,3,1,91451,0
1115,Male,32,France,5,2,1,67696,0
1116,Female,26,Germany,8,3,0,111641,0
1117,Male,32,France,1,1,1,131192,0
1118,Female,41,Spain,2,3,1,98226,0
1119,Female,21,Spain,9,2,0,132395,0
1120,Male,29,France,4,1,0,76728,0
1121,Female,54,Spain,8,2,0,85401,0
1122,Male,54,France,3,1,0,96226,0
1123,Female,60,France,0,1,1,55103,0
1124,Male,23,Spain,3,3,1,64263,1
1125,Male,56,France,5,1,0,106621,1
1126,Female,63,Germany,4,2,0,80044,1
1127,Female,41,Germany,0,3,1,87730,1
1128,Male,28,Spain,3,2,0,55825,0
1129,Female,30,Spain,5,1,0,106256,0
1130,Female,51,France,9,2,0,134177,0
1131,Female,42,France,9,2,0,67271,0
1132,Male,24,France,3,1,1,107256,0
1133,Male,21,France,8,3,0,76732,0
1134,Male,25,Germany,4,2,1,96433,0
1135,Male,37,Germany,7,1,0,112630,0
1136,Male,46,Spain,8,3,0,131999,0
1137,Male,62,France,9,3,1,130990,0
1138,Male,63,France,4,3,0,53572,0
1139,Male,27,Spain,5,2,1,68546,0
1140,Male,60,France,0,2,0,45150,0
1141,Female,51,France,10,2,0,84165,0
1142,Male,43,France,6,3,0,93690,1
1143,Female,58,France,3,2,0,83664,0
1144,Female,20,France,10,1,0,112335,0
1145,Female,23,Spain,1,2,1,105199,0
1146,Male,22,France,4,2,1,66948,0
1147,Male,22,Spain,2,3,0,67030,0
1148,Male,64,France,5,2,0,57007,0
1149,Male,40,Germany,7,1,1,130819,0
1150,Female,26,Germany,6,3,1,121207,1
1151,Male,52,Germany,2,1,0,120921,1
1152,Male,37,Germany,7,3,0,106772,0
1153,Male,59,Spain,1,3,1,52024,0
1154,Male,52,Spain,9,2,0,142408,0
1155,Male,35,France,8,1,1,69384,0
1156,Female,34,Germany,3,3,0,112912,0
1157,Male,41,Spain,0,2,1,132674,1
1158,Female,20,France,7,3,1,48157,0
1159,Male,49,France,6,3,0,115481,1
1160,Female,52,Spain,10,3,1,132120,0
1161,Male,55,Germany,4,3,0,118553,0
1162,Male,30,France,9,3,0,31756,0
1163,Female,64,Germany,4,3,0,130677,1
1164,Female,42,Germany,6,2,0,98112,1
1165,Female,26,Germany,4,3,1,121003,0
1166,Male,21,France,7,1,0,132488,0
1167,Female,31,Germany,10,2,0,126741,0
1168,Male,54,France,5,1,0,88051,1
1169,Male,51,Germany,4,3,0,130701,1
1170,Female,28,France,8,1,1,94595,0
1171,Female,58,Germany,10,3,0,108210,0
1172,Male,20,Spain,1,3,1,73094,0
1173,Male,45,Germany,0,2,1,138850,0
1174,Female,46,Germany,7,2,1,117889,0
1175,Female,26,France,2,3,0,125385,0
1176,Female,20,France,10,2,0,34535,1
1177,Male,42,Germany,6,1,0,86035,0
1178,Male,51,Spain,9,2,0,77367,1
1179,Male,29,Spain,10,2,1,137472,0
1180,Male,59,France,7,1,1,47118,0
1181,Male,26,Spain,5,2,0,89812,0
1182,Male,32,Germany,9,3,0,89884,0
1183,Female,57,France,8,1,0,96168,0
1184,Male,42,Germany,6,3,0,43280,0
1185,Male,22,France,9,1,0,44746,0
1186,Male,28,France,4,3,0,132572,0
1187,Female,51,France,7,3,0,83251,0
1188,Male,41,France,1,2,1,114821,0
1189,Male,32,Spain,6,3,1,113583,0
1190,Female,55,Germany,3,2,1,143625,0
1191,Male,25,Germany,8,1,1,40207,0
1192,Male,22,Germany,0,3,0,101127,0
1193,Male,43,France,6,3,0,57757,1
1194,Male,35,Spain,5,1,0,46226,0
1195,Male,23,Germany,7,1,0,125268,0
1196,Female,54,Spain,4,3,0,91407,0
1197,Female,30,France,0,1,1,57206,0
1198,Female,45,Germany,0,2,0,50256,1
1199,Male,22,Spain,8,1,1,63822,0
1200,Male,30,France,9,1,0,71340,0
1201,Male,34,Spain,5,3,1,141883,0
1202,Female,57,Germany,9,2,0,82234,0
1203,Male,62,Germany,4,1,1,73351,0
1204,Male,49,France,0,2,0,136311,0
1205,Female,46,France,5,2,0,78671,0
1206,Male,20,France,5,2,0,105320,1
1207,Female,57,Spain,2,3,0,132565,0
1208,Female,51,Spain,7,1,1,65157,0
1209,Female,57,Spain,0,3,0,49937,0
1210,Male,44,France,0,1,1,84290,0
1211,Male,30,Germany,5,1,0,76707,0
1212,Male,62,Germany,9,3,1,41219,0
1213,Male,50,Spain,0,2,0,39399,0
1214,Male,23,Spain,5,2,0,128848,1
1215,Male,41,Germany,0,1,1,57657,1
1216,Male,36,Germany,5,3,0,50047,0
1217,Female,33,Spain,2,2,0,130543,0
1218,Male,57,Spain,7,2,1,106095,0
1219,Female,45,Germany,5,1,0,115693,0
1220,Male,50,France,10,1,1,130931,0
1221,Male,58,Spain,0,3,0,102154,0
1222,Male,30,Germany,4,1,1,74891,0
1223,Female,60,Germany,7,2,1,36780,0
1224,Female,62,Germany,2,2,1,57050,0
1225,Female,42,Germany,5,2,1,103551,1
1226,Female,59,France,4,2,0,98666,0
1227,Male,53,Germany,5,3,0,123619,0
1228,Female,44,Spain,9,3,1,112016,0
1229,Male,55,France,0,1,0,143135,0
1230,Male,24,Germany,6,1,0,83010,0
1231,Female,22,France,8,1,0,131012,0
1232,Female,60,Spain,1,3,1,68165,0
1233,Female,62,Germany,9,2,0,41528,0
1234,Female,48,Spain,4,1,0,79608,0
1235,Female,40,Germany,9,2,1,35914,1
1236,Female,59,Germany,3,1,0,67136,0
1237,Female,27,Germany,5,1,1,41179,0
1238,Female,49,Germany,5,1,1,116008,0
1239,Male,60,Germany,10,1,1,42076,0
1240,Female,47,France,1,1,0,54783,0
1241,Female,56,Germany,1,2,0,146625,0
1242,Male,48,Germany,3,1,1,76716,0
1243,Female,35,France,0,2,1,80298,0
1244,Male,53,France,8,3,1,84304,0
1245,Male,19,France,6,1,1,109360,0
1246,Female,31,France,6,2,1,99835,0
1247,Male,30,France,2,3,1,142424,0
1248,Male,46,France,10,3,0,38118,0
1249,Male,29,Germany,2,3,1,106292,0
1250,Male,56,Germany,0,2,1,86911,0
1251,Female,19,Spain,2,1,1,103489,0
1252,Male,49,Germany,2,1,0,133088,0
1253,Female,30,Germany,3,2,0,45185,0
1254,Male,63,France,3,1,0,71792,0
1255,Male,44,France,2,2,0,110210,0
1256,Male,58,Germany,9,1,1,80613,0
1257,Male,34,Spain,7,3,0,140012,0
1258,Female,57,France,7,1,1,63927,0
1259,Female,48,Germany,0,2,1,30386,0
1260,Male,51,Germany,6,2,1,122153,0
1261,Male,41,Spain,10,3,1,102728,0
1262,Female,62,Spain,1,2,1,106281,0
1263,Male,52,France,0,1,1,60020,0
1264,Male,23,Spain,2,1,0,72678,0
1265,Male,36,Germany,3,3,0,116695,0
1266,Female,47,Germany,5,2,0,91394,0
1267,Female,24,Spain,9,3,0,98945,1
1268,Female,27,Spain,4,1,0,145377,0
1269,Male,58,Spain,3,3,1,86414,0
1270,Male,49,Spain,7,2,0,84816,0
1271,Female,51,France,10,3,0,85918,0
1272,Female,45,Spain,3,2,0,121281,0
1273,Female,32,France,9,2,1,141484,1
1274,Female,47,Germany,1,1,1,145640,0
1275,Male,54,Spain,2,1,1,92694,0
1276,Female,46,France,5,1,0,59455,0
1277,Male,39,Spain,7,2,0,134446,0
1278,Female,21,Germany,7,3,0,68735,0
1279,Male,37,Germany,10,2,0,124702,0
1280,Female,49,Germany,8,1,0,135509,0
1281,Female,53,Spain,6,1,1,123608,0
1282,Female,21,Spain,1,3,0,144310,0
1283,Female,44,France,7,1,1,42109,0
1284,Male,34,Germany,6,1,0,75802,0
1285,Female,29,Spain,7,1,1,98020,0
1286,Male,39,Germany,2,3,1,64622,0
1287,Male,34,Germany,6,2,1,139935,0
1288,Male,27,France,9,1,1,147919,0
1289,Male,18,France,8,3,0,32597,0
1290,Female,39,France,2,1,0,70597,0
1291,Male,43,France,9,3,0,70954,0
1292,Male,35,Germany,5,1,1,99519,1
1293,Male,31,France,1,3,0,86115,0
1294,Female,64,France,1,1,0,134988,0
1295,Female,46,France,4,2,0,73151,0
1296,Female,29,France,4,1,0,47040,0
1297,Female,53,Germany,6,3,1,74772,0
1298,Male,52,France,1,1,1,126090,1
1299,Male,29,Germany,10,2,0,93832,0
1300,Female,24,Spain,6,1,0,57916,1
1301,Male,46,Germany,4,3,0,74871,0
1302,Male,28,Germany,5,3,1,56372,0
1303,Male,50,France,7,2,1,91707,0
1304,Female,23,Spain,9,3,1,69080,0
1305,Female,64,Spain,3,1,0,136242,0
1306,Male,32,Spain,6,1,1,72722,1
1307,Female,49,Spain,5,1,1,59048,0
1308,Female,28,Germany,9,3,1,115205,1
1309,Female,40,Spain,1,1,1,39777,0
1310,Female,43,Germany,7,1,1,84711,1
1311,Female,51,Germany,9,1,0,66331,0
1312,Male,63,Germany,8,2,0,50968,0
1313,Female,51,Spain,4,3,0,83969,0
1314,Male,46,France,9,3,0,133345,0
1315,Male,21,France,3,3,1,41292,0
1316,Female,34,Spain,5,2,0,70794,0
1317,Male,52,France,7,3,0,109459,0
1318,Male,30,France,10,2,0,147932,1
1319,Male,58,Germany,2,2,1,80192,0
1320,Female,56,Germany,9,3,0,57703,0
1321,Female,32,Spain,10,1,1,114193,0
1322,Male,46,Spain,10,1,1,99165,1
1323,Female,46,France,0,3,1,97650,0
1324,Female,28,Germany,3,3,0,86516,1
1325,Female,49,Spain,3,2,1,129981,1
1326,Female,19,Spain,0,3,0,131398,1
1327,Male,64,Spain,8,2,0,121110,1
1328,Male,31,Spain,2,3,0,127885,0
1329,Female,37,Spain,4,1,1,52257,0
1330,Female,39,Spain,5,1,1,130588,0
1331,Male,28,France,7,3,0,133356,0
1332,Male,44,Germany,5,2,1,113509,0
1333,Female,20,Germany,2,1,1,121273,0
1334,Male,34,Spain,5,2,1,81672,0
1335,Female,61,Germany,0,3,0,93308,0
1336,Female,45,Germany,3,3,1,107583,0
1337,Male,46,Germany,5,1,1,149336,1
1338,Male,38,Spain,6,3,0,52113,0
1339,Female,64,Spain,10,1,1,30694,0
1340,Female,33,Germany,10,2,0,45588,0
1341,Male,54,Germany,9,1,1,91756,0
1342,Female,37,Spain,2,1,1,94085,1
1343,Male,23,France,8,2,1,141359,0
1344,Female,36,Germany,6,1,1,144384,0
1345,Male,22,France,0,1,1,91142,0
1346,Male,20,Germany,1,3,1,94373,0
1347,Male,18,France,0,2,0,115603,0
1348,Female,55,France,10,1,1,36704,0
1349,Female,32,France,8,2,1,70136,0
1350,Male,51,Spain,8,2,1,97507,1
1351,Female,52,France,6,1,0,77361,0
1352,Male,42,France,9,3,0,88847,0
1353,Male,41,France,2,2,0,136359,0
1354,Female,29,Germany,4,1,1,41441,0
1355,Female,35,France,3,2,1,127012,0
1356,Male,32,Germany,6,3,0,148906,0
1357,Female,61,France,8,3,0,44677,1
1358,Female,33,France,1,3,0,57818,0
1359,Male,44,Spain,7,1,1,31868,1
1360,Male,25,Germany,8,1,0,113591,0
1361,Female,63,France,9,3,1,97264,1
1362,Male,42,Germany,9,1,1,103168,0
1363,Male,34,Germany,8,3,1,42043,0
1364,Female,46,Spain,9,1,0,101939,0
1365,Male,25,Spain,6,3,1,45732,1
1366,Male,32,Spain,8,2,0,85244,1
1367,Female,44,Spain,8,3,0,48526,0
1368,Female,63,Spain,2,3,0,39340,0
1369,Male,24,Spain,3,1,0,134488,0
1370,Male,20,Spain,1,1,1,52394,0
1371,Female,46,Spain,9,1,1,128557,0
1372,Female,61,France,2,1,1,34102,1
1373,Female,41,Germany,10,1,1,131846,0
1374,Female,20,Spain,10,1,0,49159,0
1375,Male,37,Spain,4,2,0,95092,0
1376,Female,63,Germany,4,3,0,36212,0
1377,Female,32,France,5,3,0,127360,0
1378,Male,42,Germany,6,3,1,67405,0
1379,Female,47,Germany,6,2,0,107061,0
1380,Male,31,Spain,0,3,1,124296,0
1381,Female,24,Germany,1,2,0,85186,0
1382,Female,34,Germany,8,2,0,74239,0
1383,Female,61,Spain,9,2,0,140804,0
1384,Male,37,Spain,1,3,0,122993,0
1385,Male,53,Spain,5,2,1,143551,1
1386,Female,26,Spain,10,3,1,40532,0
1387,Male,55,Germany,10,3,1,109054,0
1388,Male,39,Germany,0,1,1,102012,1
1389,Male,19,France,2,1,0,147836,0
1390,Male,41,France,1,2,0,115279,0
1391,Male,25,Germany,2,2,1,96540,1
1392,Male,28,France,4,3,1,138590,1
1393,Female,30,Germany,10,2,0,133021,0
1394,Female,34,France,9,2,0,33271,0
1395,Male,25,Spain,5,3,1,75482,0
1396,Female,38,France,8,2,1,30209,0
1397,Female,35,Spain,10,2,1,120999,0
1398,Female,47,Spain,9,3,0,35539,0
1399,Female,35,Spain,3,3,1,144841,1
1400,Male,63,Spain,6,1,1,49977,0
1401,Female,64,France,5,3,1,104142,0
1402,Female,48,Germany,1,1,1,139920,0
1403,Male,55,Spain,9,2,1,129588,0
1404,Male,49,France,10,3,0,98684,0
1405,Female,28,Spain,10,3,1,129072,0
1406,Female,62,France,10,3,0,35607,0
1407,Female,42,France,7,2,1,115122,0
1408,Female,50,France,6,1,1,124786,1
1409,Female,55,Germany,6,2,1,81939,0
1410,Female,58,France,7,2,0,48594,1
1411,Male,25,France,10,3,0,88382,0
1412,Female,28,Germany,0,1,0,37399,0
1413,Female,39,Germany,0,2,1,55117,0
1414,Male,41,France,7,3,1,128662,0
1415,Male,58,Germany,3,2,0,63617,0
1416,Male,34,Spain,4,2,0,37498,0
1417,Male,29,Spain,7,3,1,132826,0
1418,Female,63,Germany,4,3,0,147232,0
1419,Female,49,Germany,9,1,1,141077,0
1420,Female,32,France,3,2,0,146519,0
1421,Female,33,Germany,5,3,0,80624,0
1422,Female,39,France,4,3,0,39628,0
1423,Female,45,Spain,6,1,1,30329,0
1424,Male,37,Germany,9,1,1,68619,0
1425,Female,50,France,6,3,0,37032,0
1426,Male,27,France,3,1,1,78094,0
1427,Male,57,Spain,4,3,1,68034,0
1428,Female,49,Germany,2,2,1,132658,0
1429,Male,50,Spain,3,1,1,116158,0
1430,Female,19,France,3,2,0,85264,0
1431,Male,50,France,2,2,1,124120,1
1432,Female,50,Germany,9,2,1,77850,0
1433,Male,58,France,4,3,0,34722,0
1434,Female,30,Germany,4,2,1,47772,0
1435,Female,47,Spain,10,2,1,116105,0
1436,Female,50,Germany,6,2,1,71679,0
1437,Female,30,Germany,3,3,0,98771,0
1438,Female,43,France,3,2,0,34576,0
1439,Male,39,France,8,2,1,56707,0
1440,Male,56,Germany,5,1,1,129404,1
1441,Male,19,France,3,3,0,71632,0
1442,Female,55,France,1,2,0,71476,0
1443,Male,56,France,5,1,0,147220,0
1444,Female,43,Germany,1,3,1,60285,0
1445,Female,63,France,4,3,1,54154,0
1446,Male,32,Germany,5,3,0,50054,0
1447,Male,51,France,3,3,1,47165,0
1448,Female,59,Spain,2,3,1,44439,1
1449,Male,61,France,6,3,1,148211,0
1450,Female,57,France,1,2,1,74518,0
1451,Female,28,Germany,10,2,1,118051,0
1452,Female,20,Germany,5,2,1,56962,0
1453,Female,23,France,3,2,1,83934,0
1454,Female,26,Spain,5,1,0,138085,0
1455,Male,23,France,3,2,0,67763,1
1456,Male,26,France,3,3,0,146189,0
1457,Female,56,Spain,3,2,0,140290,0
1458,Female,48,Germany,8,2,0,94094,1
1459,Male,49,France,6,3,0,140814,0
1460,Male,58,Germany,2,2,0,49464,0
1461,Female,29,Germany,2,2,0,72036,0
1462,Male,25,Spain,5,2,0,125949,0
1463,Female,25,Spain,5,1,1,63270,0
1464,Male,45,Germany,3,2,1,72299,0
1465,Female,37,France,8,3,0,115805,0
1466,Male,64,Germany,3,3,1,61541,0
1467,Female,24,France,8,2,1,103545,0
1468,Male,28,France,3,2,0,112543,0
1469,Male,37,Spain,1,2,0,121998,1
1470,Female,33,France,1,3,0,107078,0
1471,Male,21,France,4,3,1,112970,1
1472,Female,23,Germany,3,1,1,59765,0
1473,Male,39,Spain,6,1,0,53769,0
1474,Female,43,France,10,1,1,118001,0
1475,Male,20,France,4,3,1,117404,0
1476,Female,58,Spain,5,1,1,50156,0
1477,Male,59,Germany,9,2,0,115836,0
1478,Female,31,Spain,3,2,1,148706,0
1479,Male,28,Spain,1,3,1,80481,0
1480,Female,35,France,9,1,1,43435,0
1481,Female,29,France,8,2,1,99650,0
1482,Female,40,Germany,9,3,1,76336,0
1483,Male,29,France,6,1,1,66135,0
1484,Female,30,France,3,2,1,103631,1
1485,Male,42,Spain,2,1,0,67909,0
1486,Female,62,France,9,3,0,99487,0
1487,Male,36,Germany,2,1,1,51468,0
1488,Female,63,Spain,8,3,0,122609,0
1489,Male,53,Germany,4,1,1,77655,0
1490,Male,62,Spain,2,2,1,64341,0
1491,Female,25,France,4,3,1,141663,0
1492,Male,46,Spain,1,3,0,94182,0
1493,Male,49,Spain,10,3,1,81786,1
1494,Female,61,France,3,1,1,98304,1
1495,Male,35,France,9,1,0,133606,0
1496,Male,23,Germany,1,2,0,76514,0
1497,Male,35,Germany,1,3,1,63979,1
1498,Female,36,France,7,3,0,120887,1
1499,Male,39,France,0,1,0,110981,0
1500,Female,54,France,6,1,1,85107,0
1501,Male,49,Spain,4,2,1,144119,1
1502,Male,58,Spain,10,2,1,31160,0
1503,Male,20,Spain,7,1,0,117897,0
1504,Female,45,France,0,3,0,102577,0
1505,Male,27,Germany,10,2,0,114303,1
1506,Male,52,France,6,1,1,40846,1
1507,Female,46,Spain,4,1,0,134180,0
1508,Male,32,Spain,3,3,0,49924,0
1509,Female,50,France,6,1,1,141193,0
1510,Female,24,France,9,1,1,43882,1
1511,Male,29,Spain,1,2,1,110274,0
1512,Female,47,Spain,0,1,0,116555,1
1513,Male,38,Spain,0,1,1,31095,0
1514,Female,48,France,10,2,0,134205,1
1515,Female,41,Spain,0,3,0,70983,0
1516,Male,37,Spain,4,3,1,141215,0
1517,Female,54,Germany,9,2,1,44123,0
1518,Female,21,France,6,2,1,123668,0
1519,Female,45,Germany,1,3,1,96615,1
1520,Female,61,Germany,9,3,1,125193,0
1521,Female,37,Spain,7,3,0,75278,0
1522,Male,41,France,3,3,0,127911,0
1523,Female,49,Spain,2,3,0,120290,1
1524,Male,58,France,9,2,1,81999,0
1525,Female,53,Germany,10,1,0,61153,0
1526,Male,51,France,7,3,1,48344,0
1527,Male,53,Spain,1,3,1,129777,0
1528,Female,19,Spain,10,1,0,67656,0
1529,Female,32,Spain,10,1,0,100515,0
1530,Female,51,France,2,1,1,31212,0
1531,Male,53,Germany,2,1,0,39001,1
1532,Female,23,Germany,9,1,1,108784,1
1533,Male,56,France,10,1,0,128723,0
1534,Male,59,Spain,0,2,0,111144,0
1535,Male,29,Germany,5,1,0,66427,0
1536,Female,20,Spain,1,1,0,61368,0
1537,Female,62,France,0,2,0,100819,0
1538,Male,35,Spain,1,1,1,91160,1
1539,Male,57,Germany,5,3,0,55854,0
1540,Female,38,Germany,3,3,0,40715,0
1541,Male,32,Spain,5,1,0,111701,1
1542,Female,50,France,8,2,1,88784,1
1543,Male,52,Spain,9,3,1,129644,0
1544,Female,43,France,9,2,1,56797,0
1545,Male,25,Spain,7,3,1,77573,0
1546,Female,53,Germany,0,1,1,106120,0
1547,Male,47,France,7,2,0,44780,0
1548,Female,40,France,8,2,0,67905,0
1549,Female,59,France,5,2,0,51573,0
1550,Male,61,Germany,9,3,1,146049,1
1551,Male,31,Spain,4,3,1,63359,0
1552,Female,31,Germany,5,3,0,96062,0
1553,Male,19,France,5,1,1,103391,0
1554,Female,54,Spain,8,3,1,73463,0
1555,Male,22,Germany,3,1,1,129596,0
1556,Female,55,France,1,2,0,146342,1
1557,Female,62,France,10,2,0,125018,0
1558,Female,58,Germany,10,1,1,46571,0
1559,Female,64,Germany,8,3,1,127276,0
1560,Female,31,Germany,1,1,1,49142,0
1561,Female,56,France,9,2,1,55104,0
1562,Male,42,Germany,8,2,0,38625,0
1563,Male,37,France,1,1,1,69199,0
1564,Male,19,Germany,7,3,0,45926,0
1565,Female,56,France,8,3,0,61218,0
1566,Female,23,France,9,1,0,74472,0
1567,Female,34,Spain,8,1,1,121916,1
1568,Female,42,Germany,9,3,0,50566,1
1569,Male,45,Germany,8,2,0,86125,1
1570,Male,19,France,1,1,1,63205,0
1571,Female,52,France,3,3,1,139084,0
1572,Male,54,France,6,3,1,59717,0
1573,Male,22,Spain,1,2,0,79984,1
1574,Female,18,Spain,0,2,1,137292,0
1575,Male,57,France,2,2,0,55135,0
1576,Female,29,Germany,3,2,0,58164,0
1577,Male,53,Germany,7,2,1,104489,0
1578,Female,62,Spain,5,1,0,68562,0
1579,Female,40,Spain,10,3,0,99110,0
1580,Female,64,France,1,1,0,50169,0
1581,Female,48,Germany,8,1,0,89858,0
1582,Male,28,France,1,1,1,51604,0
1583,Female,27,Spain,4,1,0,119670,0
1584,Female,20,Germany,3,1,1,144605,1
1585,Female,31,Germany,6,2,0,118738,0
1586,Male,33,Spain,7,2,0,30684,0
1587,Female,27,France,4,3,1,132537,0
1588,Male,46,France,9,1,0,145265,0
1589,Female,27,Germany,4,3,0,141301,0
1590,Male,29,Spain,1,2,0,38007,0
1591,Male,47,Germany,7,2,0,144915,0
1592,Female,58,Spain,1,2,0,130632,0
1593,Male,18,France,9,1,0,147419,1
1594,Female,22,Spain,5,1,1,71787,0
1595,Female,37,France,7,2,1,79582,0
1596,Female,25,Spain,5,3,1,104791,0
1597,Male,60,Germany,3,3,0,127798,1
1598,Male,29,France,3,2,0,113629,0
1599,Female,18,Germany,5,3,0,35782,0
1600,Female,37,Germany,3,2,1,96770,0
1601,Male,45,France,7,3,0,87645,0
1602,Female,60,France,8,2,1,133509,0
1603,Female,54,Germany,0,3,0,129724,0
1604,Female,64,Germany,3,1,0,61996,0
1605,Male,54,Germany,3,2,0,59204,0
1606,Male,29,Germany,1,2,1,47152,1
1607,Male,54,France,5,3,0,85186,0
1608,Female,61,France,2,2,1,137900,0
1609,Female,45,Germany,6,2,0,120555,0
1610,Female,64,Spain,10,2,0,115024,0
1611,Male,32,Spain,10,1,1,132659,0
1612,Female,23,France,4,1,0,49689,0
1613,Female,61,Germany,3,3,0,80690,0
1614,Female,37,Germany,4,1,0,124042,0
1615,Female,31,France,7,3,0,113251,0
1616,Male,19,Spain,2,1,1,87320,0
1617,Male,26,Spain,6,3,1,94226,0
1618,Female,54,Spain,5,1,0,86091,0
1619,Male,37,France,0,1,0,136565,0
1620,Male,43,Spain,6,3,1,109301,0
1621,Female,46,France,6,2,0,51942,0
1622,Female,18,France,0,2,1,68712,1
1623,Male,52,Germany,8,1,0,135430,0
1624,Female,23,Spain,5,3,1,95277,0
1625,Male,54,France,1,2,1,79632,0
1626,Female,22,Spain,4,3,1,68031,0
1627,Male,50,Spain,10,2,1,50478,0
1628,Female,31,Germany,3,3,0,52551,0
1629,Male,29,Spain,6,1,0,78068,0
1630,Male,59,Germany,7,3,1,123608,1
1631,Male,37,France,10,2,1,65561,0
1632,Female,41,Spain,10,1,1,32892,0
1633,Male,60,France,0,3,1,129502,1
1634,Male,51,Spain,4,2,0,54395,1
1635,Female,42,France,2,1,1,48756,0
1636,Female,46,Spain,0,3,1,146580,0
1637,Male,56,Spain,2,2,1,117710,1
1638,Male,48,Spain,5,3,1,64651,0
1639,Female,64,Spain,6,3,1,96333,0
1640,Female,60,Spain,7,1,1,103745,1
1641,Female,40,Spain,10,1,1,136539,0
1642,Female,61,Spain,3,2,0,79306,0
1643,Female,55,Spain,2,1,1,51346,0
1644,Male,37,Spain,4,2,1,143561,0
1645,Female,40,France,8,3,1,58024,1
1646,Male,62,Germany,5,3,0,124950,0
1647,Male,33,Spain,8,2,0,148768,1
1648,Male,59,Germany,5,3,0,70818,0
1649,Female,25,Spain,1,1,1,35947,0
1650,Male,38,Spain,4,3,1,105153,0
1651,Male,18,France,10,1,1,116240,0
1652,Female,25,France,8,2,0,124238,1
1653,Male,46,Germany,7,2,1,97428,0
1654,Male,49,France,6,3,0,59754,0
1655,Female,55,France,0,3,0,93355,0
1656,Male,22,Germany,3,1,0,88241,0
1657,Male,64,France,6,1,0,98960,0
1658,Male,39,Spain,10,3,0,137754,0
1659,Female,64,Germany,6,3,1,43418,0
1660,Female,51,Germany,5,2,1,125422,0
1661,Female,18,Spain,7,2,0,130319,0
1662,Male,43,France,10,2,1,118593,0
1663,Male,60,Germany,5,3,1,85184,0
1664,Female,27,Germany,9,3,0,34833,0
1665,Male,47,Spain,2,3,0,105430,0
1666,Male,35,Spain,3,2,1,144246,0
1667,Female,34,France,2,3,1,71833,0
1668,Female,43,Germany,0,1,1,30565,1
1669,Male,25,France,9,3,1,70180,0
1670,Male,64,France,4,3,0,48402,0
1671,Male,57,Spain,0,3,1,72845,0
1672,Female,29,Germany,0,3,0,105851,0
1673,Female,44,Germany,1,3,0,42834,0
1674,Female,25,Germany,3,1,1,97850,0
1675,Female,42,Spain,5,1,1,67180,0
1676,Male,63,Spain,7,3,1,33883,0
1677,Female,21,Spain,2,2,0,139688,0
1678,Female,50,Spain,0,3,0,105587,0
1679,Female,18,Spain,2,3,0,136520,0
1680,Female,36,Germany,2,3,0,41695,0
1681,Female,48,France,4,2,1,53123,0
1682,Male,33,Germany,10,2,0,88481,0
1683,Male,31,France,3,2,0,103438,0
1684,Female,22,Spain,3,1,1,141491,0
1685,Male,58,France,8,2,0,47573,0
1686,Female,43,Germany,6,1,0,124910,1
1687,Female,45,Germany,3,1,1,86494,0
1688,Male,19,France,2,2,0,42288,0
1689,Male,23,Spain,5,2,0,76978,0
1690,Female,26,Spain,2,2,0,102420,0
1691,Female,50,Germany,5,1,0,147845,0
1692,Female,58,France,10,3,1,106095,0
1693,Male,42,Spain,10,2,0,84672,0
1694,Female,30,Spain,8,2,1,91821,1
1695,Female,26,Germany,5,2,0,113661,0
1696,Female,30,Spain,3,1,1,99224,0
1697,Male,48,France,4,1,1,119405,1
1698,Female,58,Germany,5,3,1,142418,0
1699,Female,28,Germany,10,2,0,133673,1
1700,Male,21,France,2,1,0,84796,0
1701,Female,51,Germany,7,3,0,74706,0
1702,Female,55,Spain,3,2,1,34023,1
1703,Male,63,Spain,7,1,0,144286,0
1704,Female,21,France,9,2,0,112636,0
1705,Male,55,Spain,9,2,0,66735,0
1706,Male,36,France,2,1,0,102959,0
1707,Female,23,France,9,1,1,69218,0
1708,Female,51,Spain,6,1,1,42213,0
1709,Female,35,France,10,2,0,131519,0
1710,Female,30,Spain,8,2,0,128694,0
1711,Male,58,Germany,3,3,0,58460,0
1712,Female,40,Germany,7,2,1,94680,1
1713,Male,36,France,2,1,0,147725,0
1714,Female,62,Spain,6,2,1,61017,0
1715,Female,28,Spain,2,3,1,128536,0
1716,Female,18,Germany,6,3,0,122038,0
1717,Male,41,Germany,10,1,0,60990,0
1718,Female,24,Spain,9,1,0,49515,0
1719,Female,42,France,9,3,1,59991,1
1720,Female,38,Germany,10,3,1,37634,1
1721,Female,32,France,10,3,0,107034,0
1722,Male,18,France,5,1,1,106452,0
1723,Female,29,Germany,1,3,0,59377,1
1724,Male,24,France,10,3,0,63001,1
1725,Male,32,France,2,1,1,31391,0
1726,Male,38,Spain,5,2,1,95206,1
1727,Male,36,France,3,2,1,139388,1
1728,Male,46,Spain,5,3,1,72215,1
1729,Male,42,Germany,0,2,0,109720,1
1730,Female,50,Germany,9,2,0,57114,0
1731,Male,49,Spain,0,2,0,41882,0
1732,Male,52,Germany,2,2,1,143142,0
1733,Male,61,France,7,3,0,47273,0
1734,Female,55,France,7,2,1,136206,0
1735,Female,43,France,10,2,1,75647,1
1736,Male,28,Germany,3,1,1,112665,0
1737,Female,52,France,5,3,0,94892,0
1738,Male,25,Germany,7,1,1,72679,0
1739,Male,63,France,6,1,1,30427,0
1740,Female,31,Spain,10,3,1,126952,0
1741,Male,27,Germany,6,2,1,96267,0
1742,Female,19,Germany,3,1,1,30799,0
1743,Female,63,France,8,3,1,85659,0
1744,Male,26,Germany,9,2,1,124409,0
1745,Male,20,Germany,5,3,1,37025,0
1746,Female,38,Spain,10,1,1,44481,0
1747,Male,43,Spain,2,2,1,55411,0
1748,Male,25,France,4,2,1,126894,0
1749,Male,19,Spain,4,3,1,135928,0
1750,Female,23,France,4,2,0,44961,0
1751,Female,45,France,7,1,0,51767,0
1752,Male,46,France,8,1,1,81690,1
1753,Female,43,Germany,8,1,1,82870,0
1754,Female,42,Spain,5,3,1,136536,0
1755,Female,29,France,5,2,0,66135,0
1756,Female,22,Spain,8,2,0,94514,0
1757,Female,51,France,3,2,0,116928,0
1758,Male,54,Spain,5,1,1,108798,1
1759,Male,32,Spain,3,2,1,100765,0
1760,Male,61,France,10,1,1,53772,0
1761,Female,53,Germany,0,2,1,48799,0
1762,Female,32,Spain,6,1,0,142051,1
1763,Male,60,Germany,9,2,1,53555,0
1764,Female,40,Germany,10,3,0,122152,0
1765,Male,23,France,5,3,0,49333,0
1766,Male,63,France,8,1,1,34261,0
1767,Male,61,France,6,1,0,149833,1
1768,Female,60,Spain,6,2,0,99002,0
1769,Female,62,France,1,2,0,76553,0
1770,Male,38,France,10,3,0,33088,1
1771,Male,40,Spain,8,2,1,75783,1
1772,Male,60,Spain,9,1,1,31115,0
1773,Male,33,France,8,1,0,100114,1
1774,Female,64,France,5,1,1,98126,0
1775,Female,32,France,2,1,0,102908,0
1776,Male,42,France,0,1,1,99109,1
1777,Male,53,Germany,3,3,1,32978,0
1778,Female,28,Germany,2,3,1,138943,0
1779,Female,32,France,0,1,1,39422,0
1780,Male,21,Germany,2,2,1,73626,0
1781,Male,38,Spain,3,1,0,119233,0
1782,Male,30,Germany,7,3,1,86174,0
1783,Female,39,Germany,8,1,0,126356,0
1784,Female,36,France,2,3,0,67743,0
1785,Female,51,Germany,5,3,1,100461,0
1786,Male,31,Germany,9,1,0,87199,1
1787,Male,21,Germany,10,1,1,59430,0
1788,Female,63,Germany,4,2,0,58834,0
1789,Female,44,Spain,5,3,0,54435,0
1790,Male,46,France,3,2,1,117212,0
1791,Female,64,France,9,1,1,85797,1
1792,Female,45,Spain,5,3,1,73554,0
1793,Male,52,Germany,6,2,1,84555,0
1794,Female,25,Spain,8,2,0,115350,0
1795,Male,33,Germany,9,2,1,44716,0
1796,Male,59,Spain,6,1,0,90261,0
1797,Male,53,France,5,1,0,57528,1
1798,Male,47,France,0,1,0,31995,0
1799,Male,35,France,1,3,0,52414,0
1800,Male,19,Germany,0,1,0,43844,0
1801,Male,30,Germany,8,3,0,66659,0
1802,Female,21,Spain,9,2,1,45522,0
1803,Male,43,Spain,9,2,0,135449,0
1804,Male,42,France,8,1,0,104034,0
1805,Female,47,Germany,6,2,0,72322,0
1806,Female,28,Spain,1,1,1,97638,0
1807,Female,24,Germany,5,3,1,131334,0
1808,Male,48,Germany,10,2,0,38524,0
1809,Female,61,France,3,1,1,60846,0
1810,Male,27,France,0,2,0,103643,1
1811,Male,56,Germany,0,2,1,90096,1
1812,Male,30,Germany,4,1,0,144930,0
1813,Male,48,Germany,1,2,1,113804,0
1814,Female,24,Germany,3,2,1,77703,0
1815,Female,59,France,0,2,1,54399,0
1816,Male,59,Spain,3,2,0,105160,1
1817,Male,53,France,10,3,0,122662,0
1818,Male,37,Spain,5,2,0,118667,0
1819,Female,21,Germany,9,2,1,78591,0
1820,Male,24,Spain,3,1,1,50714,0
1821,Male,18,France,0,3,0,136167,0
1822,Female,61,France,6,1,1,65877,1
1823,Female,62,Germany,1,1,0,114106,0
1824,Male,59,France,8,1,0,108018,0
1825,Female,64,Germany,2,3,0,129854,0
1826,Female,30,France,7,1,0,89136,1
1827,Male,39,France,7,1,1,63414,0
1828,Female,38,Germany,2,1,1,116576,0
1829,Male,39,Spain,3,2,1,108943,0
1830,Female,45,France,1,1,0,75468,1
1831,Male,26,Spain,3,3,1,128841,1
1832,Male,43,France,10,3,0,109702,0
1833,Male,26,France,10,2,0,102108,0
1834,Female,32,France,10,3,0,128538,0
1835,Male,27,France,8,3,0,122508,0
1836,Female,41,Spain,1,2,0,76835,0
1837,Male,59,Spain,2,1,0,93333,0
1838,Male,25,France,10,2,1,72464,0
1839,Female,41,France,10,1,1,142454,0
1840,Male,33,Spain,3,1,1,52923,0
1841,Male,43,Germany,4,3,1,146062,0
1842,Female,44,Germany,0,2,0,91855,0
1843,Male,54,Spain,6,3,0,97445,0
1844,Male,21,France,9,3,1,140454,0
1845,Male,41,France,6,1,1,128384,0
1846,Male,36,Germany,8,3,1,97619,1
1847,Female,53,Germany,3,2,1,76146,0
1848,Female,56,Spain,5,3,1,90032,0
1849,Male,27,Germany,10,3,1,143521,0
1850,Female,42,Spain,1,1,1,146378,0
1851,Male,35,Germany,3,2,1,47140,0
1852,Female,36,Germany,1,3,0,32670,0
1853,Male,53,Germany,9,1,0,66519,0
1854,Male,27,France,4,3,0,74512,0
1855,Male,50,France,6,2,0,87811,0
1856,Male,22,France,0,3,1,133565,0
1857,Male,64,Germany,9,3,0,44691,0
1858,Male,52,Spain,9,1,1,135156,0
1859,Female,61,Spain,6,3,0,64262,1
1860,Male,51,Spain,9,1,1,84892,0
1861,Female,50,Spain,5,2,1,55595,0
1862,Male,38,France,5,3,0,87207,0
1863,Female,34,France,7,2,0,145589,1
1864,Female,39,Germany,7,2,1,63440,0
1865,Female,54,Germany,5,3,1,38630,0
1866,Male,32,Spain,2,1,1,61250,0
1867,Male,52,France,4,2,0,124334,0
1868,Female,45,Spain,1,2,0,138572,1
1869,Male,24,Germany,4,3,1,128748,0
1870,Female,49,Germany,8,3,0,137461,1
1871,Male,28,Spain,9,3,1,107518,0
1872,Female,27,Germany,0,3,0,104191,0
1873,Female,26,Spain,9,3,0,94791,0
1874,Male,31,France,4,3,0,114118,0
1875,Female,30,Spain,5,1,0,130591,1
1876,Male,42,France,10,2,0,93753,0
1877,Female,19,France,6,1,1,140261,0
1878,Female,52,Germany,8,1,1,90520,1
1879,Male,24,Germany,5,3,0,34008,0
1880,Male,38,Germany,4,2,1,74464,0
1881,Male,35,Spain,6,1,1,137408,0
1882,Female,20,Spain,0,3,0,30496,0
1883,Male,59,Germany,10,3,1,129767,0
1884,Female,56,Spain,4,2,0,53212,0
1885,Female,58,Germany,1,1,1,50637,0
1886,Male,28,Spain,3,1,1,75227,0
1887,Male,56,France,6,1,1,112413,0
1888,Female,41,France,4,3,1,149753,1
1889,Female,63,Germany,5,2,1,113346,0
1890,Male,36,Spain,1,2,1,39884,0
1891,Male,21,Spain,2,1,1,146481,0
1892,Male,43,France,6,3,0,98259,0
1893,Male,55,France,10,1,0,79810,0
1894,Male,59,Germany,1,2,0,34761,0
1895,Female,49,France,5,3,0,103166,1
1896,Female,56,Germany,4,1,1,46375,0
1897,Female,62,France,9,1,1,137045,0
1898,Female,63,France,0,3,1,55218,0
1899,Male,53,Spain,10,2,0,60565,0
1900,Male,57,France,9,3,0,132654,0
1901,Male,54,France,10,1,0,62975,1
1902,Female,50,Germany,3,1,1,57073,0
1903,Female,53,France,10,1,0,99726,1
1904,Male,20,Germany,1,1,1,31883,0
1905,Male,26,France,3,2,0,98422,0
1906,Female,25,France,0,2,1,79629,0
1907,Female,50,Germany,1,1,0,94170,0
1908,Male,23,Spain,7,2,1,104489,0
1909,Male,58,Germany,5,2,0,38381,0
1910,Female,56,Germany,1,2,0,53238,0
1911,Male,21,Germany,5,1,1,43795,0
1912,Male,30,Spain,9,3,1,125964,0
1913,Male,19,France,8,3,0,92999,1
1914,Female,22,Germany,6,3,1,79907,0
1915,Female,61,Germany,8,1,0,39638,0
1916,Female,44,Spain,4,2,1,100467,0
1917,Female,49,Germany,6,2,0,72623,0
1918,Female,38,France,10,1,1,68492,0
1919,Female,25,Spain,6,1,0,56411,0
1920,Female,55,France,2,3,0,140724,0
1921,Male,25,France,6,3,0,50534,0
1922,Male,20,Spain,0,1,1,132364,0
1923,Male,61,Germany,8,3,0,59181,0
1924,Male,20,France,9,2,1,133069,0
1925,Male,39,France,5,1,1,49996,0
1926,Male,23,France,4,1,1,102089,0
1927,Male,19,France,6,2,0,135682,0
1928,Female,40,Spain,4,2,1,113609,0
1929,Female,61,Spain,9,2,1,146004,0
1930,Male,19,France,4,3,1,102666,0
1931,Male,55,Germany,10,1,0,59405,0
1932,Female,34,France,9,3,1,131490,0
1933,Male,52,Germany,10,2,1,101325,0
1934,Male,51,France,6,3,1,58930,0
1935,Female,40,Germany,9,2,1,144426,0
1936,Male,47,France,6,3,0,47529,0
1937,Female,25,Germany,10,3,0,83546,0
1938,Male,39,France,2,2,1,37942,1
1939,Female,61,France,2,3,1,37548,0
1940,Female,53,Germany,9,1,1,145248,0
1941,Female,22,Spain,2,3,1,48296,0
1942,Male,30,Germany,5,3,0,81016,0
1943,Female,46,Spain,5,1,0,127780,0
1944,Male,48,France,2,2,0,30296,0
1945,Male,64,Germany,2,1,0,97945,0
1946,Male,33,Germany,7,3,1,89980,1
1947,Male,59,Germany,7,2,1,86782,1
1948,Female,47,Spain,6,3,0,64229,0
1949,Female,33,Spain,9,3,0,126382,1
1950,Male,29,France,3,1,1,83444,0
1951,Male,34,Spain,3,1,1,65036,0
1952,Female,33,Spain,2,2,1,145682,0
1953,Male,29,France,4,2,1,69322,0
1954,Female,25,Germany,2,2,1,144695,0
1955,Male,37,Germany,7,3,0,57167,1
1956,Male,20,France,6,1,0,81667,0
1957,Female,33,Germany,2,1,1,124527,0
1958,Male,47,Spain,8,1,1,113337,1
1959,Female,62,France,4,2,0,81468,0
1960,Male,40,France,8,1,1,102894,0
1961,Male,45,France,6,1,0,83084,0
1962,Male,57,Germany,6,1,0,93138,0
1963,Female,22,France,5,2,0,52588,0
1964,Male,37,France,1,1,0,92901,0
1965,Male,57,France,8,2,1,47671,0
1966,Male,61,Germany,5,1,1,113038,1
1967,Male,18,Spain,7,1,0,120664,1
1968,Female,47,France,0,1,1,61645,0
1969,Female,38,Spain,4,2,1,37637,0
1970,Male,37,Germany,0,2,1,30660,0
1971,Female,23,Germany,9,1,1,137211,1
1972,Male,39,Germany,10,3,0,36922,0
1973,Male,35,Germany,7,2,1,123697,0
1974,Male,25,Spain,7,2,0,74721,0
1975,Female,56,France,0,1,0,87256,1
1976,Female,49,Germany,8,3,1,147217,0
1977,Female,50,Germany,1,1,0,99506,0
1978,Female,33,Spain,8,2,1,98943,0
1979,Female,29,Spain,0,2,1,57843,0
1980,Female,55,Germany,9,1,0,39046,0
1981,Female,51,France,8,1,1,119336,0
1982,Female,31,France,3,3,0,93985,0
1983,Female,53,Germany,8,3,0,110083,0
1984,Male,50,Spain,6,2,1,133064,0
1985,Female,40,Germany,10,3,1,126925,0
1986,Female,62,Germany,5,3,1,146585,0
1987,Female,19,Spain,4,2,0,60346,0
1988,Female,58,Germany,10,2,1,118284,0
1989,Female,38,Germany,8,2,0,141769,0
1990,Female,19,Germany,1,2,0,132391,0
1991,Female,44,Spain,10,1,1,121384,0
1992,Female,26,France,1,2,1,83526,0
1993,Female,18,France,10,2,1,103143,1
1994,Female,28,Spain,8,2,0,66787,0
1995,Female,20,France,2,3,1,63583,0
1996,Male,40,Germany,7,2,0,42563,0
1997,Male,43,France,10,1,1,76060,0
1998,Female,21,Germany,8,1,1,144462,1
1999,Female,35,France,7,2,0,63690,0
2000,Male,23,Spain,3,1,0,141233,0
2001,Female,52,France,0,3,1,124712,0
2002,Male,39,France,3,2,1,44925,0
2003,Male,60,France,8,1,1,116787,0
2004,Male,32,Spain,1,1,1,113184,1
2005,Male,39,France,2,2,1,50108,1
2006,Male,54,Spain,9,1,0,106515,0
2007,Female,59,Germany,7,2,0,98258,0
2008,Male,29,France,5,1,0,35355,0
2009,Female,64,Spain,7,3,0,76069,0
2010,Female,59,Spain,6,1,1,124335,0
2011,Male,55,France,4,1,0,130854,0
2012,Male,35,Germany,8,2,0,84471,1
2013,Female,62,Spain,3,1,0,62705,0
2014,Male,52,France,5,2,1,73909,0
2015,Male,47,Germany,1,3,0,118606,1
2016,Female,41,Spain,1,2,1,146361,0
2017,Female,59,Spain,1,2,0,83739,0
2018,Male,47,Germany,9,1,1,106820,0
2019,Female,31,Germany,6,3,0,117273,0
2020,Male,23,France,1,2,1,53241,0
2021,Male,20,France,1,1,0,57414,0
2022,Male,33,Spain,8,1,1,80818,0
2023,Female,24,Germany,6,2,1,50895,0
2024,Female,31,Germany,10,1,0,122307,1
2025,Female,26,Germany,2,2,1,92409,0
2026,Female,32,Spain,2,2,1,85324,0
2027,Female,38,Germany,6,2,0,96920,0
2028,Male,52,Germany,4,3,0,83555,0
2029,Male,19,Spain,9,2,1,148642,0
2030,Male,44,France,5,1,0,95453,0
2031,Male,19,France,7,3,0,52689,0
2032,Female,52,Spain,8,1,0,94356,0
2033,Male,35,Germany,0,3,1,123011,0
2034,Female,31,Spain,2,3,1,38252,0
2035,Male,37,France,10,3,1,60844,0
2036,Female,35,France,6,3,1,125687,0
2037,Female,27,Spain,5,1,1,135542,0
2038,Male,42,Spain,6,2,1,53365,0
2039,Male,19,France,7,1,1,36026,0
2040,Male,42,Spain,5,2,0,128303,1
2041,Male,50,France,2,1,1,58523,0
2042,Female,53,Spain,1,3,1,40482,0
2043,Male,48,Spain,6,3,0,142105,0
2044,Male,31,Spain,10,2,0,78888,1
2045,Female,18,France,0,2,0,143884,0
2046,Male,63,Spain,2,1,1,136968,0
2047,Male,33,France,10,2,0,80110,0
2048,Male,63,France,3,1,1,120644,0
2049,Male,20,Spain,0,2,1,30493,0
2050,Male,52,Spain,4,2,1,86194,1
2051,Female,58,France,9,2,0,112001,0
2052,Male,23,France,2,3,0,69767,0
2053,Male,42,Germany,1,3,1,59550,0
2054,Male,30,France,2,1,1,43833,1
2055,Male,51,Germany,7,2,1,32970,0
2056,Male,25,Germany,5,1,0,128315,0
2057,Female,38,Germany,6,2,1,125494,0
2058,Male,51,Spain,5,3,0,143855,1
2059,Female,21,Spain,5,3,1,112681,1
2060,Female,42,France,2,2,0,131489,0
2061,Male,32,Germany,7,2,1,79177,0
2062,Male,21,Spain,6,3,0,97342,0
2063,Male,62,Spain,6,3,0,101200,1
2064,Male,29,Spain,5,1,0,91501,0
2065,Female,49,Spain,4,3,0,58900,0
2066,Male,49,Spain,9,2,0,44126,0
2067,Male,45,Germany,7,1,0,141198,1
2068,Male,30,Germany,4,2,1,100690,0
2069,Male,48,Germany,8,1,1,117744,0
2070,Male,31,Germany,8,2,1,109303,1
2071,Male,37,France,0,3,1,115579,0
2072,Female,35,Germany,5,2,0,77994,0
2073,Female,46,Spain,6,1,1,97061,1
2074,Male,23,Germany,2,2,0,129064,1
2075,Male,49,France,6,1,0,46978,1
2076,Male,46,Spain,10,2,0,86344,0
2077,Female,60,Germany,10,3,1,76648,0
2078,Male,19,Germany,6,3,0,31055,1
2079,Female,40,Germany,10,2,1,105582,0
2080,Male,36,Spain,1,2,1,131387,1
2081,Male,48,Spain,6,2,1,111214,1
2082,Male,22,France,0,1,1,74876,0
2083,Male,36,Spain,4,2,1,148363,1
2084,Female,51,Spain,8,2,0,122160,0
2085,Female,27,Germany,6,1,0,137954,0
2086,Male,42,Spain,6,3,1,68725,0
2087,Male,19,Germany,10,2,0,35255,0
2088,Female,28,Germany,1,2,1,104947,0
2089,Female,48,Spain,7,3,0,83380,0
2090,Female,32,France,2,3,0,144648,0
2091,Female,26,France,7,1,0,83333,1
2092,Male,40,Spain,2,2,0,72459,1
2093,Female,36,France,9,2,0,146518,0
2094,Male,26,Germany,6,1,0,66163,0
2095,Female,52,Germany,1,3,0,63971,0
2096,Female,38,Spain,3,1,0,126771,1
2097,Female,26,France,10,3,0,95149,0
2098,Female,45,France,5,1,0,114730,0
2099,Female,63,Germany,10,3,0,49476,1
2100,Male,24,Spain,8,1,0,98580,0
2101,Male,33,France,4,3,0,135576,1
2102,Female,33,Spain,8,3,1,116593,1
2103,Female,50,France,4,3,0,99050,1
2104,Male,21,Germany,9,3,0,105526,0
2105,Female,21,Germany,7,3,0,134496,0
2106,Female,56,Spain,0,2,0,139071,1
2107,Male,57,Germany,6,3,0,144832,0
2108,Female,34,France,3,2,0,37507,0
2109,Female,54,Germany,4,3,1,100393,0
2110,Male,56,Spain,5,2,1,42118,0
2111,Male,46,Spain,4,2,1,80529,0
2112,Male,53,Spain,0,1,0,98682,0
2113,Female,55,France,8,3,0,121937,0
2114,Male,56,France,1,1,0,84176,0
2115,Male,54,France,8,1,1,145481,0
2116,Male,52,France,9,3,0,121713,0
2117,Male,24,France,1,1,0,134060,0
2118,Male,44,Germany,8,3,1,34414,0
2119,Male,45,France,5,1,1,113030,0
2120,Female,39,France,10,3,0,115973,0
2121,Female,31,Germany,8,3,0,92137,0
2122,Male,24,France,5,3,0,33937,0
2123,Male,54,Spain,5,2,0,66731,0
2124,Male,39,France,10,1,1,116862,0
2125,Female,22,France,1,2,0,68665,0
2126,Female,19,Spain,7,1,0,104510,0
2127,Female,44,Spain,2,1,1,142681,1
2128,Female,38,Spain,6,1,0,47500,0
2129,Female,55,Spain,4,2,0,144360,1
2130,Female,32,France,2,1,1,31750,0
2131,Female,38,Spain,0,2,1,95018,0
2132,Female,27,Spain,7,3,0,34027,0
2133,Female,40,Germany,2,1,1,139832,0
2134,Male,56,Spain,1,1,1,35745,0
2135,Male,22,Spain,0,3,0,91731,0
2136,Male,18,Germany,3,3,1,116984,0
2137,Male,30,Germany,7,1,0,137983,0
2138,Female,38,France,2,3,0,58451,0
2139,Female,43,Germany,0,2,0,123743,0
2140,Male,62,France,3,2,0,101474,1
2141,Female,38,Germany,8,1,1,91536,0
2142,Male,35,Germany,0,2,0,42150,0
2143,Female,54,France,10,2,0,43406,0
2144,Male,62,Germany,1,1,0,49781,0
2145,Female,49,France,8,3,0,87417,0
2146,Female,53,Germany,1,1,1,146047,0
2147,Male,34,Spain,2,2,1,133157,0
2148,Female,52,Germany,6,1,1,48325,1
2149,Male,28,France,2,1,0,98684,0
2150,Male,38,Germany,8,2,1,124415,1
2151,Male,43,France,5,2,1,144547,1
2152,Male,21,France,2,1,0,103469,1
2153,Female,51,Spain,8,2,1,39436,0
2154,Female,35,Spain,0,2,0,47669,0
2155,Female,57,France,9,2,1,102010,0
2156,Male,52,Germany,2,2,1,142983,0
2157,Female,58,France,0,2,1,106764,0
2158,Male,46,France,1,2,1,129074,0
2159,Female,46,Germany,7,3,0,31843,0
2160,Female,55,Germany,6,1,0,95609,0
2161,Female,59,Germany,1,2,1,80812,0
2162,Male,38,Germany,1,1,0,46059,0
2163,Female,59,France,8,3,1,116269,0
2164,Female,30,France,5,2,1,70768,0
2165,Male,58,Spain,4,1,1,55395,0
2166,Female,34,France,9,2,1,50202,0
2167,Male,26,Germany,5,2,1,43273,0
2168,Female,58,Spain,8,2,1,78889,0
2169,Male,18,Germany,10,2,0,128635,0
2170,Male,19,France,6,2,0,146109,0
2171,Female,46,Spain,9,2,1,103048,0
2172,Male,50,Germany,9,2,0,123767,0
2173,Male,27,Spain,8,3,1,118810,0
2174,Male,57,Spain,3,3,0,133235,0
2175,Male,38,France,1,2,0,75510,0
2176,Male,45,Germany,7,2,0,117945,1
2177,Male,28,Spain,3,3,1,141730,0
2178,Female,51,Spain,8,3,0,149096,1
2179,Male,25,Germany,3,3,1,100649,0
2180,Male,39,Spain,7,2,1,136723,0
2181,Female,25,Spain,8,1,1,32881,0
2182,Female,32,Spain,8,1,0,75913,0
2183,Female,34,Germany,9,1,0,141860,0
2184,Female,40,Germany,3,1,0,114785,0
2185,Female,41,Germany,0,2,1,95037,0
2186,Female,62,Germany,2,1,1,92457,0
2187,Female,36,France,8,3,0,65343,0
2188,Male,22,Spain,3,3,1,92389,1
2189,Male,49,Germany,4,1,0,108250,0
2190,Female,61,Spain,6,3,0,134489,0
2191,Male,18,Spain,4,2,0,38656,0
2192,Male,40,France,3,1,0,35741,0
2193,Male,54,Germany,1,1,1,46661,1
2194,Female,25,Germany,1,2,0,127091,1
2195,Female,30,Spain,3,3,0,58690,0
2196,Male,25,Germany,9,2,0,62833,0
2197,Female,40,Spain,9,2,0,132566,0
2198,Male,60,Spain,8,3,0,101240,0
2199,Male,18,France,7,2,0,143659,1
2200,Male,62,France,2,3,0,136898,0
2201,Male,41,France,8,3,1,107711,0
2202,Female,52,Spain,4,2,1,87141,0
2203,Female,41,Germany,10,3,1,108232,0
2204,Female,34,France,2,2,1,69023,1
2205,Male,22,Germany,4,3,0,70209,0
2206,Female,37,France,9,1,1,123590,0
2207,Male,38,France,3,3,1,116612,0
2208,Female,57,Spain,7,3,1,110522,0
2209,Male,48,France,4,2,0,141654,0
2210,Male,63,France,9,3,1,44440,1
2211,Male,53,Spain,7,1,1,149107,0
2212,Female,28,Germany,8,1,0,37960,0
2213,Female,32,France,3,3,1,52462,0
2214,Female,36,Spain,6,3,0,47821,0
2215,Female,24,France,1,1,1,87772,1
2216,Male,45,Spain,5,2,0,57258,0
2217,Female,60,Germany,7,1,1,122889,0
2218,Female,22,Germany,6,1,1,118952,0
2219,Male,22,Spain,6,3,1,92524,0
2220,Male,47,Spain,7,3,0,52115,0
2221,Male,49,Spain,6,1,1,148066,0
2222,Female,25,Germany,4,2,0,76433,0
2223,Male,27,France,6,1,0,120504,0
2224,Male,55,Germany,9,1,0,118267,0
2225,Male,64,Spain,2,2,0,118321,1
2226,Female,49,Spain,4,1,1,134933,0
2227,Male,45,Germany,6,1,1,109364,0
2228,Female,34,Spain,8,3,1,100077,0
2229,Female,48,Germany,1,2,0,70644,0
2230,Male,25,Spain,3,3,1,92643,0
2231,Male,57,France,6,3,0,43311,0
2232,Female,42,France,0,2,0,60531,0
2233,Male,26,Spain,1,2,0,44588,0
2234,Male,19,Germany,8,1,1,79416,0
2235,Female,32,France,9,3,1,42380,0
2236,Female,20,Germany,6,2,0,72645,0
2237,Male,53,Spain,9,3,1,47818,0
2238,Female,21,Germany,6,3,1,60857,0
2239,Male,31,France,5,2,0,51711,0
2240,Male,58,Germany,2,1,0,35097,1
2241,Male,58,Germany,9,3,1,146348,1
2242,Female,42,Spain,2,2,0,58393,0
2243,Male,27,Spain,1,1,0,52076,0
2244,Male,38,Spain,10,3,1,114274,0
2245,Male,53,France,5,2,1,87609,0
2246,Female,29,France,3,3,0,59317,1
2247,Female,44,Spain,4,2,1,134765,0
2248,Female,57,Spain,2,2,0,88480,0
2249,Female,19,France,5,3,0,37044,0
2250,Female,30,France,10,3,1,101033,0
2251,Male,49,France,2,2,0,149237,0
2252,Female,48,France,7,1,0,85486,0
2253,Female,33,Spain,8,3,0,85162,0
2254,Female,49,France,3,2,1,109287,0
2255,Male,49,Spain,8,2,1,59882,0
2256,Female,51,Germany,6,1,1,84078,0
2257,Female,28,Germany,2,1,0,88734,0
2258,Male,27,France,6,1,0,137608,0
2259,Female,32,Germany,0,3,1,138730,1
2260,Male,34,Germany,2,2,1,73826,0
2261,Male,57,Germany,5,2,1,117985,0
2262,Male,35,France,3,2,0,74028,0
2263,Male,26,France,6,1,1,81331,0
2264,Male,42,Germany,2,2,0,149655,0
2265,Female,57,Spain,0,3,1,128938,0
2266,Male,31,Germany,8,1,0,148319,1
2267,Male,42,France,5,1,0,62543,0
2268,Female,39,France,7,1,1,59362,1
2269,Male,47,France,2,1,0,57315,1
2270,Female,37,Germany,7,3,1,57746,1
2271,Female,38,Spain,1,2,0,40057,0
2272,Female,61,France,3,3,0,141649,0
2273,Male,49,France,2,2,1,72915,0
2274,Male,63,Germany,9,3,0,51061,0
2275,Male,38,Spain,0,1,1,81370,0
2276,Female,52,Germany,6,1,1,64157,0
2277,Male,49,France,10,3,1,141375,0
2278,Male,47,Spain,9,3,0,41322,1
2279,Male,56,Spain,1,2,0,99812,0
2280,Female,29,France,3,3,0,107842,0
2281,Female,58,Spain,8,3,1,64017,0
2282,Male,64,Spain,5,2,1,86792,0
2283,Male,35,Germany,7,2,0,57742,0
2284,Male,38,France,1,2,0,127136,1
2285,Male,30,France,6,3,1,94808,0
2286,Female,38,France,5,2,0,47629,0
2287,Female,25,France,8,1,1,38245,1
2288,Female,63,France,6,1,0,126950,0
2289,Female,57,Spain,0,1,1,73870,0
2290,Male,63,Germany,7,3,0,125634,1
2291,Male,24,France,10,1,0,94829,0
2292,Male,40,Germany,9,3,1,144530,0
2293,Female,61,Germany,2,3,1,40588,0
2294,Male,49,Spain,1,1,1,30442,0
2295,Female,28,France,2,2,0,135280,1
2296,Female,39,Spain,10,3,1,132979,0
2297,Male,39,France,5,1,1,107339,0
2298,Male,60,Spain,2,3,0,70721,1
2299,Male,42,Germany,9,2,1,67145,1
2300,Female,39,France,4,2,1,40599,1
2301,Male,45,Germany,5,1,1,102594,0
2302,Female,46,Germany,7,3,0,112742,0
2303,Male,30,Spain,6,3,0,107430,0
2304,Female,35,France,10,3,0,32939,0
2305,Female,19,Germany,7,3,1,52149,0
2306,Male,46,Spain,2,1,0,96567,0
2307,Female,38,France,3,2,1,40208,0
2308,Female,32,France,5,1,1,96098,1
2309,Male,44,Germany,10,3,1,139034,0
2310,Female,48,France,6,3,0,79492,0
2311,Male,32,Germany,8,2,0,50951,0
2312,Female,40,France,0,3,1,78920,0
2313,Male,41,Spain,7,1,1,76766,0
2314,Male,61,Germany,7,1,0,87014,0
2315,Female,30,Germany,5,2,0,58351,0
2316,Female,39,France,3,1,0,114216,0
2317,Female,60,France,2,1,1,79386,0
2318,Female,54,Germany,10,1,0,117122,0
2319,Female,50,France,2,1,0,39308,0
2320,Male,20,Spain,5,3,0,89252,0
2321,Female,36,France,7,1,1,105145,0
2322,Male,40,Spain,6,2,0,125031,0
2323,Male,46,Spain,10,2,1,113211,0
2324,Female,47,Spain,0,1,1,58064,0
2325,Male,56,Spain,10,2,1,83879,1
2326,Male,61,Spain,5,1,0,38720,0
2327,Male,64,France,6,2,0,72940,1
2328,Male,42,Spain,6,2,0,109993,0
2329,Female,54,France,8,1,1,98475,0
2330,Male,64,Spain,10,1,0,77113,0
2331,Female,25,Germany,10,3,1,78926,0
2332,Female,59,Spain,9,1,0,68203,0
2333,Male,33,Germany,4,1,0,118901,0
2334,Female,25,Spain,0,3,0,35392,0
2335,Female,18,Spain,1,1,0,55905,0
2336,Female,61,Spain,3,1,1,103508,1
2337,Male,22,Germany,4,3,1,80385,1
2338,Female,20,Germany,8,1,1,60653,0
2339,Female,18,Spain,10,1,1,121865,0
2340,Female,21,France,0,3,0,114720,1
2341,Male,57,Spain,2,3,1,44799,0
2342,Female,52,Germany,4,2,1,90103,0
2343,Male,49,Spain,2,1,1,147463,1
2344,Male,59,Germany,3,2,0,45052,0
2345,Male,51,Germany,2,2,1,36044,0
2346,Male,60,Germany,3,3,1,49871,0
2347,Male,42,Spain,0,1,0,119303,0
2348,Male,27,Germany,7,1,0,142719,1
2349,Female,38,Germany,3,3,1,50234,0
2350,Male,63,Spain,6,2,1,51381,1
2351,Female,56,Germany,1,3,0,47274,1
2352,Female,44,Spain,1,1,1,142162,0
2353,Male,44,Germany,5,3,0,117840,0
2354,Female,19,France,1,1,1,113108,0
2355,Female,58,France,5,2,1,133948,0
2356,Female,30,Germany,10,1,1,79892,0
2357,Female,26,France,1,2,1,80521,0
2358,Male,53,Spain,3,2,1,121501,0
2359,Female,39,France,6,1,0,113920,0
2360,Male,59,Germany,7,1,0,113391,0
2361,Female,43,Germany,2,2,1,47920,1
2362,Female,29,Spain,8,3,1,46702,0
2363,Male,34,Germany,1,1,1,133457,1
2364,Female,31,Spain,7,2,0,31894,0
2365,Female,31,France,7,2,0,60985,0
2366,Female,51,France,3,3,0,58287,0
2367,Male,37,Spain,0,1,0,103527,0
2368,Female,28,Spain,0,2,0,45439,0
2369,Male,33,Germany,1,3,0,124620,0
2370,Female,48,France,8,2,0,72235,0
2371,Male,23,Spain,1,1,0,57659,0
2372,Male,36,France,1,3,1,54976,0
2373,Female,54,Spain,5,2,0,134239,0
2374,Female,21,France,6,3,0,112643,0
2375,Male,64,Germany,6,1,0,97865,0
2376,Male,21,France,8,3,0,137631,1
2377,Female,37,France,5,1,1,98306,1
2378,Male,27,France,7,2,0,86697,1
2379,Female,41,France,10,1,1,100382,0
2380,Female,52,France,5,2,1,46651,0
2381,Female,43,Germany,1,2,1,79044,0
2382,Female,54,Spain,0,1,0,44633,0
2383,Male,55,France,4,2,0,109164,1
2384,Female,38,Germany,8,3,0,30569,0
2385,Male,57,France,7,2,1,89900,0
2386,Female,56,France,3,1,1,97509,0
2387,Male,38,Spain,4,3,1,131126,1
2388,Female,27,France,4,3,1,149148,0
2389,Male,55,Germany,5,2,0,63038,0
2390,Male,63,Germany,2,2,0,79088,0
2391,Female,21,Spain,4,1,0,103177,0
2392,Female,62,France,1,3,1,104466,1
2393,Female,37,Germany,9,1,1,102216,0
2394,Female,34,France,0,2,0,96793,0
2395,Male,24,France,10,3,0,103786,1
2396,Female,21,France,0,1,1,68138,0
2397,Male,46,Spain,9,1,0,93310,0
2398,Male,31,France,6,1,0,58757,0
2399,Female,20,Germany,1,1,1,100394,0
2400,Male,41,France,3,1,1,136885,0
2401,Male,54,Germany,4,3,1,109027,0
2402,Male,33,France,6,1,0,120830,1
2403,Male,21,Germany,1,3,1,86151,0
2404,Female,41,Germany,5,1,0,140740,1
2405,Female,51,France,0,2,0,141174,0
2406,Female,47,France,6,2,1,79272,0
2407,Female,35,Germany,8,1,0,36908,1
2408,Male,36,Spain,4,2,1,40844,0
2409,Male,48,France,4,3,1,81455,0
2410,Female,36,Spain,3,1,0,133165,0
2411,Female,63,France,2,3,0,98447,0
2412,Female,36,France,8,1,1,104527,0
2413,Male,39,France,4,2,1,107108,0
2414,Female,41,France,7,3,1,73066,0
2415,Female,62,Spain,8,2,1,125229,0
2416,Female,29,France,4,2,1,70004,1
2417,Male,47,Germany,9,1,1,68333,1
2418,Male,55,Germany,8,3,0,113029,0
2419,Male,48,Spain,1,2,0,69697,1
2420,Male,53,France,8,1,0,47634,0
2421,Male,36,Germany,10,1,0,54561,0
2422,Male,62,Spain,3,1,1,48033,0
2423,Male,53,France,5,2,0,102887,0
2424,Male,47,Germany,5,1,0,85063,0
2425,Female,50,Germany,5,3,1,55921,0
2426,Female,35,Spain,1,3,0,49340,0
2427,Male,45,France,6,2,1,92781,0
2428,Male,64,France,5,3,1,44901,1
2429,Female,28,Germany,10,1,1,40638,0
2430,Male,62,Germany,0,2,1,68596,0
2431,Male,50,Germany,1,1,1,116914,0
2432,Male,34,France,6,2,0,74324,0
2433,Female,23,Spain,0,2,0,118356,0
2434,Female,21,Spain,0,1,0,120596,0
2435,Female,37,France,0,3,1,62642,0
2436,Female,64,Spain,7,3,0,55378,1
2437,Female,44,Germany,3,2,0,80867,0
2438,Male,32,Spain,3,1,0,103686,1
2439,Female,23,Spain,1,1,0,72875,1
2440,Male,64,Spain,10,2,1,148171,0
2441,Male,31,Germany,10,3,0,119595,0
2442,Female,28,France,10,1,1,130061,0
2443,Female,56,Germany,0,3,1,113729,0
2444,Male,26,France,9,3,0,94377,0
2445,Male,43,France,8,2,1,84691,0
2446,Male,33,France,6,2,1,139503,0
2447,Female,22,Spain,3,3,1,123337,1
2448,Female,27,Spain,5,1,1,94303,0
2449,Female,20,France,1,1,1,90839,1
2450,Female,30,France,6,2,1,79063,0
2451,Female,60,Spain,1,3,1,121782,1
2452,Male,47,Germany,9,1,0,108343,0
2453,Female,62,France,7,1,0,113071,0
2454,Male,23,Germany,7,2,1,35492,0
2455,Male,34,Spain,0,3,1,61357,0
2456,Male,62,France,7,1,0,101838,0
2457,Female,36,Germany,1,2,0,62314,0
2458,Female,59,Germany,5,1,0,78697,0
2459,Female,52,Germany,0,1,0,100283,0
2460,Male,63,Spain,4,1,1,89567,0
2461,Male,43,Spain,10,2,1,77006,0
2462,Male,22,Germany,6,3,0,90011,0
2463,Male,46,Germany,9,2,0,136706,1
2464,Male,54,Spain,0,3,0,40686,0
2465,Male,37,Germany,1,1,0,67449,0
2466,Female,38,Germany,6,3,1,91606,1
2467,Female,27,Spain,5,1,0,48891,0
2468,Female,22,Germany,2,1,0,82115,0
2469,Female,53,Germany,9,2,0,131732,0
2470,Male,23,Germany,1,1,1,90719,0
2471,Male,43,Spain,9,2,1,125464,0
2472,Female,21,Germany,3,3,1,103030,0
2473,Male,56,Spain,2,3,0,66723,0
2474,Female,56,Spain,6,1,0,59877,0
2475,Female,52,France,7,2,0,148393,0
2476,Female,18,France,1,1,1,123517,1
2477,Male,41,Germany,9,2,1,44026,0
2478,Female,53,Spain,6,2,0,50422,1
2479,Female,23,France,7,2,0,39244,1
2480,Female,58,Germany,5,3,1,63481,0
2481,Male,63,France,5,2,0,119180,0
2482,Male,61,France,9,3,0,139384,0
2483,Female,48,Spain,0,2,0,88031,1
2484,Male,37,Spain,3,3,1,38521,0
2485,Male,41,France,0,3,0,31746,1
2486,Male,42,France,3,3,0,113127,0
2487,Male,53,Spain,1,1,0,122254,0
2488,Male,38,Germany,10,2,0,145472,0
2489,Male,47,Spain,4,1,1,98232,0
2490,Male,41,France,9,2,1,42012,0
2491,Male,61,Germany,8,2,1,110224,0
2492,Male,59,France,10,1,0,53457,0
2493,Male,47,Germany,9,3,1,100572,0
2494,Female,39,France,2,2,0,135431,1
2495,Female,45,Germany,7,3,1,59960,1
2496,Male,24,Germany,2,1,0,132022,0
2497,Female,52,France,5,3,1,117695,0
2498,Female,45,Germany,3,2,1,37910,0
2499,Male,31,Spain,7,2,1,32693,0
2500,Male,27,France,10,2,0,145313,0
2501,Male,33,Spain,5,1,0,45858,0
2502,Female,33,France,7,2,0,58810,1
2503,Female,48,Germany,0,1,1,50092,1
2504,Male,59,Germany,5,3,0,118779,0
2505,Male,42,Germany,0,2,0,78700,0
2506,Male,30,France,0,2,0,88105,0
2507,Female,23,Spain,7,2,0,60505,0
2508,Female,61,Spain,6,3,0,103228,0
2509,Female,26,France,2,2,0,58555,0
2510,Female,62,France,5,1,1,101934,0
2511,Male,53,Spain,8,3,1,102788,1
2512,Male,60,Spain,6,3,0,107257,0
2513,Male,37,Spain,2,3,1,47939,1
2514,Male,35,Spain,5,3,1,41825,1
2515,Female,60,France,10,3,0,120787,1
2516,Female,38,France,3,1,0,132491,0
2517,Male,21,Germany,2,3,1,54151,0
2518,Male,50,Spain,8,2,0,30036,0
2519,Female,44,Germany,9,3,1,123948,0
2520,Male,24,France,1,3,1,113707,0
2521,Female,23,France,0,3,1,69051,0
2522,Male,32,Germany,1,3,0,128297,0
2523,Male,35,Spain,6,3,1,110738,0
2524,Male,49,Spain,9,1,0,103596,1
2525,Male,28,Spain,0,1,0,90071,0
2526,Male,37,Spain,5,3,0,103601,0
2527,Male,41,Germany,6,1,0,59873,0
2528,Male,32,Germany,8,2,0,66648,0
2529,Female,24,France,7,3,1,101468,0
2530,Female,38,Spain,5,2,0,56470,0
2531,Female,59,Spain,2,2,0,95129,0
2532,Female,43,Spain,7,3,0,38328,0
2533,Female,61,Germany,6,2,0,36333,0
2534,Male,31,Spain,2,2,0,76638,0
2535,Male,54,Germany,8,2,1,41268,0
2536,Female,38,Spain,1,3,0,100603,0
2537,Male,35,Spain,2,3,0,143920,0
2538,Female,22,France,1,2,1,140379,1
2539,Female,20,Spain,0,3,0,47045,1
2540,Male,40,Spain,3,3,1,70741,0
2541,Male,43,France,4,2,1,118306,0
2542,Male,54,Germany,5,3,1,72770,0
2543,Female,41,Germany,4,1,1,37887,0
2544,Male,36,Spain,0,3,0,128718,0
2545,Female,42,Germany,2,1,0,127906,0
2546,Female,38,Spain,0,2,1,135154,0
2547,Female,29,France,10,3,1,54918,0
2548,Male,58,France,4,2,0,65497,0
2549,Male,50,Spain,4,2,1,123562,0
2550,Female,21,France,10,2,1,91009,0
2551,Male,59,France,5,2,1,41929,0
2552,Male,24,Spain,7,2,0,143292,0
2553,Male,39,Spain,9,3,1,132201,0
2554,Female,50,France,0,1,0,91762,0
2555,Female,34,Germany,3,3,0,130473,0
2556,Male,41,Germany,9,3,0,109099,0
2557,Female,51,Spain,10,3,1,146566,0
2558,Male,45,Spain,0,3,1,58546,0
2559,Male,60,Germany,8,1,0,108424,0
2560,Male,58,France,10,3,0,67338,0
2561,Male,56,Germany,6,2,0,64283,0
2562,Female,39,Germany,6,3,1,112494,1
2563,Female,34,Germany,4,3,1,108170,1
2564,Female,51,Germany,6,1,0,114787,0
2565,Male,23,Spain,1,1,0,76566,1
2566,Male,63,Spain,3,2,1,115464,0
2567,Male,23,France,6,3,0,132781,0
2568,Female,51,France,2,3,1,111991,0
2569,Male,18,France,1,3,1,122680,1
2570,Female,27,France,9,2,0,58013,0
2571,Female,38,Germany,1,1,0,82132,1
2572,Female,22,Spain,0,2,1,117412,0
2573,Female,19,Spain,4,3,1,122498,0
2574,Female,39,France,5,1,1,58084,0
2575,Female,19,France,5,1,1,137855,0
2576,Male,27,Germany,8,2,1,51143,0
2577,Male,51,Germany,3,1,0,121627,0
2578,Female,33,France,0,1,1,44179,0
2579,Female,56,Spain,5,3,1,128343,0
2580,Male,39,Spain,4,3,1,88726,0
2581,Female,29,Spain,9,1,0,40222,1
2582,Female,41,France,5,1,0,89965,0
2583,Male,64,Spain,2,2,1,94068,0
2584,Female,57,Germany,1,2,1,53949,0
2585,Female,55,Germany,5,1,0,46116,0
2586,Female,27,France,0,3,0,81052,1
2587,Male,52,Germany,6,1,0,81369,1
2588,Male,49,France,6,1,0,78817,0
2589,Male,24,Spain,9,3,1,133100,0
2590,Female,38,Spain,6,3,0,132910,1
2591,Female,37,Spain,10,2,1,113203,1
2592,Male,43,Germany,9,2,1,104311,1
2593,Female,21,France,0,2,0,59655,1
2594,Female,63,Spain,3,2,0,87802,0
2595,Female,39,France,6,3,0,77632,0
2596,Female,32,Spain,10,1,0,44193,0
2597,Female,57,Germany,8,2,1,110212,0
2598,Male,38,Germany,4,2,1,60776,0
2599,Female,32,France,1,3,1,73225,0
2600,Male,39,Germany,6,3,0,90010,0
2601,Female,45,Germany,9,1,1,112735,0
2602,Male,31,France,0,1,0,95451,0
2603,Female,44,Spain,6,3,1,78812,0
2604,Male,58,Germany,5,2,0,110602,0
2605,Female,57,France,6,2,1,48895,1
2606,Male,45,Germany,9,2,1,95782,1
2607,Female,43,Germany,2,1,0,51209,0
2608,Male,19,Germany,2,2,1,134820,0
2609,Female,42,Germany,6,2,1,112336,0
2610,Male,20,France,1,3,0,141646,0
2611,Male,25,France,0,2,0,91807,0
2612,Female,61,France,8,3,0,53086,0
2613,Female,50,Germany,8,2,0,115637,1
2614,Male,59,Germany,6,1,0,112027,0
2615,Female,52,Germany,6,2,1,57207,0
2616,Male,23,France,2,2,0,137334,0
2617,Male,56,Germany,9,3,1,50897,0
2618,Male,40,Spain,1,3,1,93083,0
2619,Female,42,Germany,10,3,0,125028,1
2620,Male,60,Spain,6,2,1,96957,0
2621,Male,36,Germany,8,2,1,127551,0
2622,Female,22,France,0,1,0,108506,0
2623,Female,28,Germany,3,2,1,37283,0
2624,Female,29,Spain,5,1,0,124024,0
2625,Female,27,Spain,6,3,0,111481,0
2626,Male,25,Germany,9,3,0,30255,0
2627,Male,41,Spain,6,3,1,106555,0
2628,Male,45,Spain,9,1,1,45487,1
2629,Male,58,France,1,2,1,137333,0
2630,Female,53,Germany,3,3,1,49346,0
2631,Male,54,Germany,4,2,0,65050,0
2632,Male,38,Germany,0,2,1,38744,0
2633,Female,25,Spain,0,3,0,54756,0
2634,Male,26,Germany,9,1,1,91596,0
2635,Male,64,Germany,2,2,1,113397,0
2636,Male,32,France,9,3,1,55146,0
2637,Male,63,France,2,2,1,149640,0
2638,Male,57,France,7,2,1,85032,0
2639,Male,35,Spain,8,2,0,72687,0
2640,Female,59,Germany,10,2,1,76103,0
2641,Female,37,France,0,2,1,51976,1
2642,Male,23,France,10,1,1,92863,0
2643,Male,29,France,1,1,1,30591,0
2644,Female,19,Germany,9,3,0,36277,0
2645,Male,24,Germany,1,1,1,91860,0
2646,Male,33,Germany,3,1,0,32260,0
2647,Male,20,Spain,1,1,1,139443,1
2648,Female,62,Spain,6,2,0,95883,0
2649,Male,20,France,8,2,0,54741,1
2650,Female,44,Germany,6,3,0,149720,0
2651,Male,60,France,5,3,0,67211,0
2652,Female,57,Germany,9,3,0,139392,0
2653,Female,55,Germany,0,2,1,71542,0
2654,Male,50,Germany,10,1,0,36869,0
2655,Female,45,Spain,9,1,1,123618,1
2656,Male,18,Spain,8,2,0,117616,0
2657,Female,25,Germany,4,3,0,94732,1
2658,Male,54,France,10,3,1,124515,1
2659,Male,49,Germany,4,3,0,49422,1
2660,Female,60,Germany,5,2,0,65613,0
2661,Male,54,France,8,3,0,87016,0
2662,Male,21,Germany,7,3,0,90110,0
2663,Female,47,France,7,2,1,118529,0
2664,Male,23,Spain,7,1,0,107922,0
2665,Male,63,Spain,0,2,0,64033,0
2666,Female,36,France,0,2,1,75213,0
2667,Female,49,Spain,7,2,1,91993,1
2668,Male,26,Spain,4,2,0,42938,1
2669,Male,29,France,8,1,0,106695,0
2670,Female,28,Spain,1,3,1,32274,0
2671,Female,63,Germany,8,2,0,114390,0
2672,Male,33,Germany,7,1,1,61815,0
2673,Female,18,France,8,3,0,106018,0
2674,Male,62,Spain,3,3,1,48961,0
2675,Male,38,Germany,0,3,1,50044,0
2676,Male,47,Germany,0,2,1,129372,0
2677,Male,30,Spain,4,2,0,51975,0
2678,Male,51,Spain,1,3,0,44706,0
2679,Female,21,Germany,7,3,0,35974,1
2680,Female,45,Germany,9,3,0,106464,0
2681,Female,55,France,10,3,1,51213,0
2682,Female,48,France,4,3,1,31950,0
2683,Male,44,Germany,4,3,1,115013,0
2684,Male,22,France,1,1,0,40411,0
2685,Male,42,Germany,6,3,0,117231,0
2686,Male,20,Germany,7,2,0,76156,0
2687,Female,50,France,9,2,1,92744,0
2688,Male,21,France,0,2,0,47771,0
2689,Male,42,Spain,1,3,0,99810,0
2690,Female,37,Spain,9,2,1,65053,0
2691,Female,51,Spain,3,1,1,147894,0
2692,Female,43,Germany,4,3,0,82076,0
2693,Female,22,France,1,2,1,37045,1
2694,Male,52,Germany,0,1,0,87623,1
2695,Male,45,France,8,1,1,59714,0
2696,Female,46,Germany,0,2,1,64386,1
2697,Male,26,Spain,3,1,1,139283,0
2698,Male,55,Spain,1,2,0,38562,1
2699,Male,23,Spain,10,1,0,85048,0
2700,Female,36,Germany,3,3,0,123295,0
2701,Male,61,France,7,3,1,42026,1
2702,Female,28,France,7,3,1,136147,0
2703,Male,19,Spain,10,3,1,61589,0
2704,Male,64,Spain,8,3,1,138199,0
2705,Male,61,Spain,10,2,0,127274,0
2706,Female,61,Spain,4,3,0,56844,0
2707,Male,26,France,6,3,0,53447,0
2708,Female,38,Germany,2,3,1,120415,1
2709,Female,41,Germany,9,3,1,107502,0
2710,Female,51,Germany,3,1,0,113268,1
2711,Male,39,Germany,9,3,1,84708,1
2712,Male,20,Spain,8,3,0,93925,0
2713,Male,29,Spain,9,2,1,100825,0
2714,Male,45,Spain,9,1,1,81574,1
2715,Female,47,Germany,0,2,0,115548,0
2716,Female,43,Spain,1,3,0,48812,0
2717,Female,38,Spain,4,2,1,131337,0
2718,Male,45,France,2,2,0,85309,0
2719,Female,43,France,1,3,0,94230,0
2720,Male,50,Spain,0,1,1,71628,0
2721,Female,38,France,9,1,1,70581,0
2722,Male,52,France,2,2,1,146102,0
2723,Male,51,Spain,0,3,0,76628,1
2724,Female,58,Spain,0,2,1,118628,0
2725,Female,64,Spain,0,2,1,55105,1
2726,Female,35,Spain,7,2,1,109830,0
2727,Female,28,Germany,2,3,1,99157,0
2728,Male,40,Germany,10,3,1,62442,0
2729,Female,39,Spain,0,1,0,117235,1
2730,Female,34,France,6,3,1,145442,0
2731,Female,22,Spain,9,2,1,32347,0
2732,Male,61,Spain,2,2,0,125022,1
2733,Male,28,France,7,1,1,77650,0
2734,Female,47,Germany,3,3,1,47110,0
2735,Male,32,Spain,3,2,0,92170,0
2736,Female,44,Spain,4,1,1,34923,1
2737,Male,52,Germany,5,1,0,81801,0
2738,Male,50,Germany,6,2,1,92771,0
2739,Male,37,France,3,2,0,111147,1
2740,Male,33,Germany,7,3,0,78135,0
2741,Female,51,Germany,5,1,1,49199,0
2742,Female,19,Germany,0,2,0,39066,0
2743,Female,52,France,0,1,0,131583,0
2744,Male,57,Germany,8,3,1,82136,0
2745,Female,45,Germany,9,2,1,122290,1
2746,Female,64,France,5,3,0,66575,0
2747,Female,56,Germany,9,1,1,119796,0
2748,Male,23,Germany,7,3,0,76733,0
2749,Male,26,France,6,3,0,144427,0
2750,Male,37,Spain,5,1,1,46991,0
2751,Female,18,France,3,3,1,52553,0
2752,Female,25,Germany,6,1,0,119710,0
2753,Female,40,Germany,8,2,1,117493,0
2754,Male,20,Germany,10,1,1,30634,0
2755,Male,21,France,9,1,0,125417,0
2756,Female,42,Germany,9,2,0,42771,1
2757,Male,64,Germany,6,1,0,145762,0
2758,Male,55,France,0,2,0,48298,0
2759,Male,32,Spain,9,2,0,109876,1
2760,Male,38,Spain,8,1,0,128892,0
2761,Female,52,Germany,3,3,1,65999,0
2762,Male,63,France,2,3,0,101887,0
2763,Male,31,Germany,3,2,1,89648,0
2764,Male,53,France,3,3,1,92668,0
2765,Male,29,France,9,3,0,99374,1
2766,Female,34,Spain,10,1,1,97509,0
2767,Female,56,Spain,1,2,0,142650,0
2768,Male,26,France,0,2,1,133348,0
2769,Male,52,Germany,9,1,0,105783,1
2770,Male,30,Spain,0,3,0,74440,0
2771,Male,32,Germany,7,2,0,61655,1
2772,Male,35,Spain,1,3,0,73039,0
2773,Male,50,Spain,9,2,1,85255,0
2774,Female,23,Germany,4,2,1,102219,0
2775,Male,44,Spain,3,2,1,84989,0
2776,Female,40,Spain,7,2,1,41244,0
2777,Female,44,Germany,1,3,1,124594,0
2778,Male,51,Spain,9,3,0,88595,0
2779,Female,63,Spain,8,3,0,69551,0
2780,Female,55,Spain,6,3,0,93230,1
2781,Female,31,Germany,6,1,0,133898,1
2782,Female,53,France,0,2,0,58371,0
2783,Female,25,Germany,1,2,1,99358,0
2784,Female,52,France,3,2,0,58878,0
2785,Male,36,Spain,3,1,0,66157,0
2786,Female,47,France,10,3,1,35914,1
2787,Female,31,Germany,2,2,1,113700,0
2788,Female,37,Germany,6,3,0,57180,1
2789,Male,42,Spain,7,3,0,33688,1
2790,Female,57,France,1,1,1,110219,1
2791,Male,41,Spain,3,1,0,108616,0
2792,Female,31,Spain,2,3,0,126489,0
2793,Male,43,Germany,1,2,0,39916,0
2794,Male,55,France,5,2,1,86363,0
2795,Female,40,France,3,1,0,125213,0
2796,Female,39,France,5,1,0,57360,0
2797,Male,36,France,1,1,1,67805,0
2798,Female,63,Spain,3,1,1,43453,0
2799,Male,20,Spain,10,1,1,52703,0
2800,Male,59,Germany,5,1,0,89021,0
2801,Male,36,Spain,4,1,1,104176,0
2802,Male,26,Spain,2,2,0,124799,0
2803,Male,45,Germany,7,1,1,128385,0
2804,Female,37,Germany,6,1,0,134582,0
2805,Male,62,Germany,2,2,1,111614,0
2806,Male,24,Spain,5,2,0,118919,0
2807,Female,31,Spain,3,3,0,111072,0
2808,Male,26,Germany,10,1,1,146094,0
2809,Female,36,Germany,4,1,1,37410,0
2810,Female,64,Germany,10,1,0,111462,0
2811,Female,31,Spain,4,1,1,78268,0
2812,Male,55,Spain,6,3,0,64248,0
2813,Male,53,France,10,2,1,61159,1
2814,Male,57,Spain,4,2,1,72039,0
2815,Female,34,Spain,10,1,0,131902,1
2816,Male,47,Spain,2,1,1,77800,0
2817,Female,26,Germany,9,1,1,70761,0
2818,Male,50,Spain,4,3,0,124626,0
2819,Female,42,Germany,6,3,0,116103,0
2820,Male,31,France,4,2,1,148368,0
2821,Male,28,France,4,1,0,73663,0
2822,Male,52,Germany,8,1,1,110903,0
2823,Female,58,Germany,2,1,1,70412,0
2824,Female,31,Germany,5,1,0,148998,0
2825,Male,47,Spain,0,3,0,140252,1
2826,Male,58,France,9,2,0,146446,0
2827,Female,21,Germany,4,2,0,65367,0
2828,Female,21,Spain,7,3,0,35813,0
2829,Female,45,France,4,1,0,89894,0
2830,Male,25,Spain,8,2,1,132157,1
2831,Female,19,France,10,2,1,81444,0
2832,Male,58,Spain,5,3,0,64269,0
2833,Female,63,France,7,1,1,91748,0
2834,Male,39,France,9,2,1,71190,0
2835,Female,58,Spain,7,1,1,70318,0
2836,Female,33,Germany,2,2,1,67018,1
2837,Female,46,France,6,3,0,69759,0
2838,Female,47,Germany,6,1,1,46498,1
2839,Female,29,Spain,9,3,1,55989,1
2840,Male,52,Germany,5,2,0,132710,0
2841,Female,28,Germany,6,3,0,55568,0
2842,Female,63,Germany,1,3,0,147035,0
2843,Female,38,Germany,8,3,0,96577,0
2844,Male,38,Germany,9,2,1,135231,0
2845,Female,22,France,9,1,0,144699,1
2846,Male,37,France,0,3,1,60099,0
2847,Female,54,France,0,1,1,119900,0
2848,Female,20,Spain,2,2,0,70639,0
2849,Male,61,Germany,2,1,0,134679,0
2850,Female,50,France,0,3,0,53482,1
2851,Male,26,Spain,6,3,0,99212,0
2852,Male,26,France,3,3,0,85261,0
2853,Female,21,France,9,3,0,141321,0
2854,Male,52,Germany,1,3,1,117317,1
2855,Female,34,Spain,9,3,1,60048,0
2856,Female,51,Germany,4,2,1,33065,1
2857,Male,41,Germany,5,2,1,32036,0
2858,Male,49,France,8,2,0,65814,0
2859,Male,18,Germany,3,1,0,89694,0
2860,Male,25,Spain,1,1,1,46924,0
2861,Female,62,Germany,4,2,1,90204,0
2862,Female,40,Germany,2,1,1,62844,0
2863,Male,64,Germany,1,1,0,147755,0
2864,Female,57,France,0,3,0,144184,0
2865,Female,29,Spain,9,3,0,111943,0
2866,Female,29,France,1,1,1,51518,0
2867,Female,63,France,5,1,1,47059,0
2868,Male,64,France,7,2,0,53052,0
2869,Male,32,France,2,1,0,99803,0
2870,Female,58,France,10,3,1,101524,0
2871,Male,36,Spain,8,1,1,123510,0
2872,Male,43,Germany,8,2,0,119572,1
2873,Male,46,France,1,3,1,38680,0
2874,Female,39,France,7,3,0,97021,0
2875,Female,57,Spain,9,3,0,110249,1
2876,Female,38,Spain,10,3,1,50043,1
2877,Male,55,Germany,4,1,1,32419,0
2878,Female,37,Spain,3,2,1,86892,1
2879,Female,46,Germany,9,1,0,143616,0
2880,Male,21,France,4,1,1,131799,0
2881,Female,24,France,3,3,1,47140,0
2882,Female,45,Germany,7,2,0,73484,0
2883,Male,45,Spain,3,3,0,93869,0
2884,Male,21,Germany,9,1,1,75210,1
2885,Male,39,Spain,5,1,0,87600,1
2886,Female,29,France,1,3,0,146467,0
2887,Female,62,Spain,4,1,0,108497,0
2888,Female,20,Germany,5,1,1,138611,0
2889,Male,39,Germany,4,3,1,36487,0
2890,Male,61,France,1,1,0,90692,0
2891,Female,19,Spain,6,2,0,92112,0
2892,Female,41,Spain,3,3,0,61110,1
2893,Male,51,Spain,7,2,1,137968,0
2894,Male,44,France,6,1,0,46360,0
2895,Male,58,Spain,6,1,0,79410,0
2896,Male,18,Germany,8,3,1,132379,0
2897,Female,25,Spain,0,1,0,120418,1
2898,Male,40,France,9,3,1,113038,0
2899,Female,55,Spain,5,3,1,143589,0
2900,Female,23,Spain,5,3,1,103167,0
2901,Female,39,Germany,5,3,0,33017,0
2902,Male,42,Spain,5,3,0,116261,0
2903,Male,35,Germany,9,2,1,90124,0
2904,Male,34,Germany,6,3,0,146346,0
2905,Male,29,France,9,2,1,120298,0
2906,Female,23,Germany,5,1,0,80949,0
2907,Male,43,Germany,0,3,1,88268,0
2908,Male,44,France,2,1,1,96320,0
2909,Female,25,Germany,1,3,0,123556,0
2910,Male,36,France,5,2,0,133995,1
2911,Female,59,Spain,7,2,0,111301,0
2912,Female,18,France,2,2,0,61127,0
2913,Female,46,Germany,9,1,1,33196,0
2914,Female,62,France,7,3,1,105088,0
2915,Female,52,Germany,7,1,0,71300,0
2916,Female,57,Spain,4,2,0,79714,1
2917,Female,31,France,7,1,1,61921,0
2918,Female,52,Spain,5,2,0,34746,0
2919,Male,62,Germany,4,2,0,98535,0
2920,Male,37,Germany,8,2,0,95350,1
2921,Male,30,Spain,6,3,0,80345,0
2922,Male,55,France,7,3,1,139606,0
2923,Female,63,France,0,2,1,79220,1
2924,Male,25,Germany,10,1,0,111131,0
2925,Female,60,Spain,1,1,1,52063,0
2926,Male,37,Spain,7,3,0,147116,0
2927,Male,50,France,8,2,0,101736,0
2928,Male,43,France,3,1,0,133700,0
2929,Female,56,France,9,2,1,118913,0
2930,Male,38,Spain,10,1,1,108946,0
2931,Female,59,France,9,3,1,75971,1
2932,Female,60,France,8,2,1,33598,1
2933,Male,58,Germany,3,2,1,40564,0
2934,Male,26,France,9,1,0,141052,0
2935,Male,41,France,9,1,0,126434,0
2936,Female,54,Spain,9,1,1,79725,0
2937,Male,58,Spain,8,2,1,116134,0
2938,Female,34,Germany,10,3,1,135940,0
2939,Female,41,France,6,3,0,89940,0
2940,Male,38,Germany,1,1,1,92085,0
2941,Male,56,Spain,8,3,0,47862,0
2942,Female,58,Germany,3,1,0,40265,0
2943,Female,56,Spain,7,3,1,39705,0
2944,Female,30,Germany,6,2,0,85279,0
2945,Male,28,Germany,6,1,0,92471,0
2946,Female,63,France,7,3,1,121080,0
2947,Male,36,Germany,0,2,0,109834,0
2948,Female,28,France,4,3,1,92979,0
2949,Female,30,France,1,2,0,85828,0
2950,Male,63,France,1,2,1,128206,0
2951,Female,62,France,0,3,1,146884,1
2952,Male,18,Germany,4,3,0,138007,0
2953,Male,57,Spain,1,2,1,76104,0
2954,Female,61,Spain,3,2,0,70934,0
2955,Male,36,Spain,2,2,0,144420,1
2956,Male,29,Germany,2,1,1,36050,0
2957,Female,25,France,1,2,0,73952,0
2958,Male,25,Spain,5,1,1,116570,0
2959,Male,62,Germany,1,2,0,141016,0
2960,Male,29,France,7,1,0,38484,0
2961,Female,50,Spain,7,2,1,92648,0
2962,Male,62,France,4,2,0,89945,1
2963,Female,43,Spain,9,2,0,83678,0
2964,Female,56,Spain,6,3,0,61323,1
2965,Male,45,Spain,3,3,0,116332,0
2966,Male,22,France,0,2,0,124605,1
2967,Male,25,Germany,10,1,0,117363,0
2968,Female,42,France,1,1,0,65361,0
2969,Male,44,Spain,9,2,0,40315,1
2970,Male,63,France,9,3,1,77968,1
2971,Male,40,Germany,3,1,0,56519,0
2972,Male,47,France,0,3,0,39107,0
2973,Male,62,Germany,7,1,1,85781,1
2974,Female,64,Germany,8,2,1,33869,0
2975,Female,40,France,3,3,1,110983,0
2976,Male,64,Spain,9,1,0,57370,1
2977,Male,37,Germany,2,2,1,92695,0
2978,Male,35,France,1,2,1,90422,0
2979,Male,35,Germany,4,2,0,37971,0
2980,Female,19,Spain,2,3,0,126805,0
2981,Male,21,France,9,3,1,55651,0
2982,Female,47,France,6,2,1,86974,1
2983,Female,50,France,10,3,0,131293,0
2984,Male,53,Spain,5,1,0,53446,1
2985,Female,35,Germany,0,2,0,68108,1
2986,Female,54,France,7,2,0,105179,0
2987,Female,36,Germany,1,3,0,33823,0
2988,Female,64,Germany,4,2,1,43454,0
2989,Male,45,Spain,8,1,0,33932,0
2990,Male,57,France,7,3,0,40220,0
2991,Female,37,Germany,1,3,0,104090,0
2992,Male,50,France,8,2,0,97965,0
2993,Male,29,France,4,2,0,58208,0
2994,Male,32,Spain,9,2,1,102980,0
2995,Male,58,France,5,3,0,40510,0
2996,Male,56,France,2,2,1,74045,0
2997,Female,19,Germany,2,1,0,40537,0
2998,Male,46,Spain,9,2,1,102683,0
2999,Male,58,France,7,2,1,135935,0
3000,Male,27,Germany,10,3,0,99134,0
